-- MariaDB dump 10.19  Distrib 10.5.9-MariaDB, for Linux (x86_64)
--
-- Host: 127.0.0.1    Database: imnotdb
-- ------------------------------------------------------
-- Server version	8.0.24

/*!40101 SET @OLD_CHARACTER_SET_CLIENT=@@CHARACTER_SET_CLIENT */;
/*!40101 SET @OLD_CHARACTER_SET_RESULTS=@@CHARACTER_SET_RESULTS */;
/*!40101 SET @OLD_COLLATION_CONNECTION=@@COLLATION_CONNECTION */;
/*!40101 SET NAMES utf8mb4 */;
/*!40103 SET @OLD_TIME_ZONE=@@TIME_ZONE */;
/*!40103 SET TIME_ZONE='+00:00' */;
/*!40014 SET @OLD_UNIQUE_CHECKS=@@UNIQUE_CHECKS, UNIQUE_CHECKS=0 */;
/*!40014 SET @OLD_FOREIGN_KEY_CHECKS=@@FOREIGN_KEY_CHECKS, FOREIGN_KEY_CHECKS=0 */;
/*!40101 SET @OLD_SQL_MODE=@@SQL_MODE, SQL_MODE='NO_AUTO_VALUE_ON_ZERO' */;
/*!40111 SET @OLD_SQL_NOTES=@@SQL_NOTES, SQL_NOTES=0 */;

--
-- Table structure for table `name`
--

DROP TABLE IF EXISTS `name`;
/*!40101 SET @saved_cs_client     = @@character_set_client */;
/*!40101 SET character_set_client = utf8 */;
CREATE TABLE `name` (
  `nconst` varchar(20) NOT NULL,
  `primaryName` varchar(50) DEFAULT NULL,
  `birthYear` year DEFAULT NULL,
  `deathYear` year DEFAULT NULL,
  `primaryProfession` varchar(100) DEFAULT NULL,
  `knownForTitles` varchar(100) DEFAULT NULL,
  PRIMARY KEY (`nconst`)
) ENGINE=InnoDB DEFAULT CHARSET=utf8mb4 COLLATE=utf8mb4_0900_ai_ci;
/*!40101 SET character_set_client = @saved_cs_client */;

--
-- Dumping data for table `name`
--

LOCK TABLES `name` WRITE;
/*!40000 ALTER TABLE `name` DISABLE KEYS */;
INSERT INTO `name` VALUES ('nm0000001','Fred Astaire',0000,1987,'soundtrack,actor,miscellaneous','tt0031983,tt0072308,tt0053137,tt0050419'),('nm0000002','Lauren Bacall',1924,2014,'actress,soundtrack','tt0037382,tt0038355,tt0071877,tt0117057'),('nm0000003','Brigitte Bardot',1934,NULL,'actress,soundtrack,music_department','tt0056404,tt0057345,tt0054452,tt0049189'),('nm0000004','John Belushi',1949,1982,'actor,soundtrack,writer','tt0072562,tt0080455,tt0077975,tt0078723'),('nm0000005','Ingmar Bergman',1918,2007,'writer,director,actor','tt0060827,tt0050976,tt0069467,tt0050986'),('nm0000006','Ingrid Bergman',1915,1982,'actress,soundtrack,producer','tt0034583,tt0077711,tt0038109,tt0036855'),('nm0000007','Humphrey Bogart',0000,1957,'actor,soundtrack,producer','tt0034583,tt0033870,tt0042593,tt0043265'),('nm0000008','Marlon Brando',1924,2004,'actor,soundtrack,director','tt0070849,tt0068646,tt0047296,tt0078788'),('nm0000009','Richard Burton',1925,1984,'actor,soundtrack,producer','tt0087803,tt0061184,tt0059749,tt0057877'),('nm0000010','James Cagney',0000,1986,'actor,soundtrack,director','tt0029870,tt0031867,tt0042041,tt0035575'),('nm0000011','Gary Cooper',1901,1961,'actor,soundtrack,producer','tt0027996,tt0034167,tt0035896,tt0044706'),('nm0000012','Bette Davis',1908,1989,'actress,soundtrack,make_up_department','tt0031210,tt0035140,tt0042192,tt0056687'),('nm0000013','Doris Day',1922,2019,'soundtrack,actress,producer','tt0045591,tt0049470,tt0048317,tt0053172'),('nm0000014','Olivia de Havilland',1916,2020,'actress,soundtrack','tt0029843,tt0041452,tt0040806,tt0031381'),('nm0000015','James Dean',1931,1955,'actor,miscellaneous','tt0044245,tt0048028,tt0048545,tt0049261'),('nm0000016','Georges Delerue',1925,1992,'composer,soundtrack,music_department','tt0091763,tt0057345,tt0069946,tt0096320'),('nm0000017','Marlene Dietrich',1901,1992,'soundtrack,actress,music_department','tt0021156,tt0055031,tt0051201,tt0052311'),('nm0000018','Kirk Douglas',1916,2020,'actor,producer,soundtrack','tt0049456,tt0043465,tt0054331,tt0043338'),('nm0000019','Federico Fellini',1920,1993,'writer,director,assistant_director','tt0050783,tt0071129,tt0056801,tt0053779'),('nm0000020','Henry Fonda',1905,1982,'actor,producer,soundtrack','tt0051207,tt0050083,tt0032551,tt0082846'),('nm0000021','Joan Fontaine',1917,2013,'actress,soundtrack,producer','tt0034248,tt0040536,tt0035751,tt0032976'),('nm0000022','Clark Gable',1901,1960,'actor,soundtrack,producer','tt0031381,tt0026752,tt0023382,tt0025316'),('nm0000023','Judy Garland',1922,1969,'soundtrack,actress','tt0055031,tt0037059,tt0032138,tt0047522'),('nm0000024','John Gielgud',1904,2000,'actor,writer,director','tt0117631,tt0082031,tt0071877,tt0045943'),('nm0000025','Jerry Goldsmith',1929,2004,'music_department,soundtrack,composer','tt0077269,tt0100802,tt0117731,tt0119488'),('nm0000026','Cary Grant',1904,1986,'actor,soundtrack,producer','tt0048728,tt0053125,tt0034248,tt0056923'),('nm0000027','Alec Guinness',1914,2000,'actor,soundtrack,writer','tt0050212,tt0041546,tt0076759,tt0051739'),('nm0000028','Rita Hayworth',1918,1987,'actress,soundtrack,producer','tt0036723,tt0035103,tt0040525,tt0038559'),('nm0000029','Margaux Hemingway',1954,1996,'actress,miscellaneous','tt0110138,tt0077800,tt0102122,tt0074802'),('nm0000030','Audrey Hepburn',1929,1993,'actress,soundtrack','tt0056923,tt0058385,tt0046250,tt0054698'),('nm0000031','Katharine Hepburn',1907,2003,'actress,soundtrack,writer','tt0043265,tt0032904,tt0082846,tt0063227'),('nm0000032','Charlton Heston',1923,2008,'actor,director,writer','tt0063442,tt0070723,tt0052618,tt0049833'),('nm0000033','Alfred Hitchcock',0000,1980,'director,producer,actor','tt0040746,tt0054215,tt0052357,tt0053125'),('nm0000034','William Holden',1918,1981,'actor,soundtrack','tt0043014,tt0074958,tt0046359,tt0047437'),('nm0000035','James Horner',1953,2015,'music_department,soundtrack,composer','tt0499549,tt0120647,tt0120746,tt0120338'),('nm0000036','Buster Keaton',0000,1966,'actor,writer,director','tt0017925,tt0015324,tt0016332,tt0019421'),('nm0000037','Gene Kelly',1912,1996,'soundtrack,actor,director','tt0053946,tt0041716,tt0043278,tt0045152'),('nm0000038','Grace Kelly',1929,1982,'actress,soundtrack','tt0046874,tt0047396,tt0046912,tt0048728'),('nm0000039','Deborah Kerr',1921,2007,'actress,soundtrack','tt0050105,tt0039192,tt0045793,tt0049408'),('nm0000040','Stanley Kubrick',1928,1999,'director,writer,producer','tt0072684,tt0120663,tt0066921,tt0062622'),('nm0000041','Akira Kurosawa',1910,1998,'writer,director,assistant_director','tt0089881,tt0047478,tt0051808,tt0080979'),('nm0000042','Alan Ladd',1913,1964,'actor,producer,camera_department','tt0035432,tt0034798,tt0046303,tt0038369'),('nm0000043','Veronica Lake',1922,1973,'actress,soundtrack,producer','tt0034798,tt0034240,tt0038369,tt0035432'),('nm0000044','Burt Lancaster',1913,1994,'actor,producer,miscellaneous','tt0080388,tt0050468,tt0051036,tt0045793'),('nm0000045','Bruce Lee',1940,1973,'actor,writer,miscellaneous','tt0068767,tt0068935,tt0070034,tt0077594'),('nm0000046','Vivien Leigh',1913,1967,'actress,soundtrack,writer','tt0044081,tt0034272,tt0033238,tt0031381'),('nm0000047','Sophia Loren',1934,NULL,'actress,soundtrack','tt0054749,tt0076085,tt0060121,tt0058335'),('nm0000048','Peter Lorre',1904,1964,'actor,soundtrack,writer','tt0036613,tt0033870,tt0034583,tt0022100'),('nm0000049','Henry Mancini',1924,1994,'music_department,soundtrack,composer','tt0057413,tt0085101,tt0383216,tt0054698'),('nm0000050','Groucho Marx',0000,1977,'soundtrack,actor,writer','tt0028772,tt0026778,tt0023969,tt0023027'),('nm0000051','James Mason',1909,1984,'actor,producer,writer','tt0047522,tt0056193,tt0053125,tt0046672'),('nm0000052','Marcello Mastroianni',1924,1996,'actor,producer,soundtrack','tt0056801,tt0110907,tt0053779,tt0076085'),('nm0000053','Robert Mitchum',1917,1997,'actor,soundtrack,producer','tt0048424,tt0039689,tt0055824,tt0056197'),('nm0000054','Marilyn Monroe',1926,1962,'soundtrack,actress,writer','tt0045810,tt0048605,tt0050861,tt0053291'),('nm0000055','Alfred Newman',0000,1970,'music_department,composer,soundtrack','tt0056085,tt0434409,tt0065377,tt0042192'),('nm0000056','Paul Newman',1925,2008,'actor,producer,director','tt0054997,tt0061512,tt0257044,tt0084855'),('nm0000057','David Niven',1910,1983,'actor,producer,soundtrack','tt0052182,tt0074937,tt0061452,tt0057413'),('nm0000058','Maureen O\'Hara',1920,2015,'actress,soundtrack','tt0045061,tt0055277,tt0041149,tt0039628'),('nm0000059','Laurence Olivier',1907,1989,'actor,producer,director','tt0032976,tt0074860,tt0077269,tt0069281'),('nm0000060','Gregory Peck',1916,2003,'actor,producer,soundtrack','tt0038109,tt0077269,tt0046250,tt0056592'),('nm0000061','Tyrone Power',1914,1958,'actor,soundtrack,producer','tt0051201,tt0043959,tt0042256,tt0034405'),('nm0000062','Elvis Presley',1935,1977,'soundtrack,actor,music_department','tt0054692,tt0056023,tt0056585,tt0053848'),('nm0000063','Anthony Quinn',1915,2001,'actor,producer,soundtrack','tt0074896,tt0049456,tt0056172,tt0057831'),('nm0000064','Edward G. Robinson',0000,1973,'actor,soundtrack,writer','tt0036775,tt0049833,tt0040506,tt0070723'),('nm0000065','Nino Rota',1911,1979,'composer,soundtrack,music_department','tt0068646,tt0056801,tt0063518,tt0071562'),('nm0000066','Jane Russell',1921,2011,'actress,soundtrack,producer','tt0045810,tt0036241,tt0043476,tt0043643'),('nm0000067','Miklós Rózsa',1907,1995,'music_department,composer,soundtrack','tt0038109,tt0037884,tt0052618,tt0036775'),('nm0000068','Randolph Scott',0000,1987,'actor,producer,soundtrack','tt0049743,tt0056412,tt0026942,tt0051047'),('nm0000069','Frank Sinatra',1915,1998,'soundtrack,actor,producer','tt0056218,tt0052218,tt0049314,tt0045793'),('nm0000070','Max Steiner',0000,1971,'music_department,composer,soundtrack','tt0036613,tt0031381,tt0040897,tt0034583'),('nm0000071','James Stewart',1908,1997,'actor,soundtrack,director','tt0052357,tt0031679,tt0052561,tt0032904'),('nm0000072','Elizabeth Taylor',1932,2011,'actress,soundtrack,producer','tt0061184,tt0051459,tt0053318,tt0056937'),('nm0000073','Shirley Temple',1928,2014,'actress,soundtrack,writer','tt0016029,tt0040369,tt0032264,tt0028118'),('nm0000074','Gene Tierney',1920,1991,'actress,soundtrack','tt0037865,tt0039420,tt0037008,tt0035979'),('nm0000075','Spencer Tracy',0000,1967,'actor,soundtrack','tt0061735,tt0047849,tt0055031,tt0053946'),('nm0000076','François Truffaut',1932,1984,'writer,director,producer','tt0070460,tt0075860,tt0053198,tt0055032'),('nm0000077','Franz Waxman',1906,1967,'music_department,composer,soundtrack','tt0032976,tt0034248,tt0043014,tt0026138'),('nm0000078','John Wayne',1907,1979,'actor,producer,soundtrack','tt0053580,tt0031971,tt0056217,tt0065126'),('nm0000079','Raquel Welch',1940,NULL,'actress,soundtrack,producer','tt0066115,tt0062708,tt0070291,tt0072281'),('nm0000080','Orson Welles',1915,1985,'actor,director,writer','tt0040525,tt0033467,tt0057427,tt0052311'),('nm0000081','Natalie Wood',1938,1981,'actress,soundtrack,music_department','tt0055614,tt0055471,tt0057263,tt0048545'),('nm0000082','Victor Young',0000,1956,'music_department,soundtrack,composer','tt0045061,tt0048960,tt0119094,tt3315342'),('nm0000083','Alan Miller',NULL,NULL,'editor,writer,director','tt0320978,tt0424773,tt0969216,tt5969604'),('nm0000084','Gong Li',1965,NULL,'actress','tt0430357,tt0101640,tt0397535,tt0473444'),('nm0000085','Henner Hofmann',1950,NULL,'cinematographer,producer,camera_department','tt1825758,tt0113482,tt0097523,tt0097738'),('nm0000086','Louis de Funès',1914,1983,'actor,writer,soundtrack','tt0069747,tt0083109,tt0079200,tt0074103'),('nm0000087','Elena Koreneva',1953,NULL,'actress,casting_director,soundtrack','tt7529350,tt0122969,tt0123138,tt5847740'),('nm0000088','Aleksey Korenev',1927,1995,'director,writer,assistant_director','tt0100069,tt0068304,tt0191104,tt0063752'),('nm0000089','Richard Paul',1940,1998,'actor,soundtrack','tt0093778,tt0075489,tt0117318,tt0088529'),('nm0000090','Armin Mueller-Stahl',1930,NULL,'actor,director,writer','tt0765443,tt0139809,tt0963178,tt0117631'),('nm0000091','Gérard Pirès',1942,NULL,'director,writer,actor','tt0282552,tt0064297,tt0421974,tt0152930'),('nm0000092','John Cleese',1939,NULL,'actor,writer,producer','tt0063929,tt0071853,tt0095159,tt0085959'),('nm0000093','Brad Pitt',1963,NULL,'actor,producer,soundtrack','tt2935510,tt0114746,tt1210166,tt0356910'),('nm0000094','J. Reifel',NULL,NULL,'writer','tt0118631,tt0116030,tt0118886,tt0117915'),('nm0000095','Woody Allen',1935,NULL,'writer,director,actor','tt0097123,tt0075686,tt0091167,tt0079522'),('nm0000096','Gillian Anderson',1968,NULL,'actress,producer,soundtrack','tt0455590,tt0106179,tt0442632,tt2294189'),('nm0000097','Pamela Anderson',1967,NULL,'actress,producer,director','tt0306047,tt0426592,tt0115624,tt0267913'),('nm0000098','Jennifer Aniston',1969,NULL,'actress,producer,soundtrack','tt0108778,tt3442006,tt0279113,tt1723121'),('nm0000099','Patricia Arquette',1968,NULL,'actress,director,soundtrack','tt1065073,tt0108399,tt0145531,tt0412175'),('nm0000100','Rowan Atkinson',1955,NULL,'actor,writer,producer','tt1634122,tt0118689,tt0110357,tt0274166');
/*!40000 ALTER TABLE `name` ENABLE KEYS */;
UNLOCK TABLES;

--
-- Table structure for table `ratings`
--

DROP TABLE IF EXISTS `ratings`;
/*!40101 SET @saved_cs_client     = @@character_set_client */;
/*!40101 SET character_set_client = utf8 */;
CREATE TABLE `ratings` (
  `tconst` varchar(20) NOT NULL,
  `averageRating` float DEFAULT NULL,
  `numVotes` bigint DEFAULT NULL
) ENGINE=InnoDB DEFAULT CHARSET=utf8mb4 COLLATE=utf8mb4_0900_ai_ci;
/*!40101 SET character_set_client = @saved_cs_client */;

--
-- Dumping data for table `ratings`
--

LOCK TABLES `ratings` WRITE;
/*!40000 ALTER TABLE `ratings` DISABLE KEYS */;
INSERT INTO `ratings` VALUES ('tt0000001',5.7,1697),('tt0000002',6.1,210),('tt0000003',6.5,1454),('tt0000004',6.1,123),('tt0000005',6.1,2250),('tt0000006',5.2,125),('tt0000007',5.4,687),('tt0000008',5.4,1874),('tt0000009',6,155),('tt0000010',6.9,6302),('tt0000011',5.2,281),('tt0000012',7.4,10830),('tt0000013',5.7,1626),('tt0000014',7.1,4822),('tt0000015',6.1,876),('tt0000016',5.9,1251),('tt0000017',4.6,255),('tt0000018',5.3,503),('tt0000019',5.3,19),('tt0000020',5,281),('tt0000022',5.1,927),('tt0000023',5.7,1192),('tt0000024',4.4,61),('tt0000025',4.2,30),('tt0000026',5.7,1349),('tt0000027',5.6,961),('tt0000028',5.2,891),('tt0000029',6,2966),('tt0000030',5.2,716),('tt0000031',5.5,867),('tt0000032',5.1,354),('tt0000033',5.6,883),('tt0000034',5.1,147),('tt0000035',5.5,56),('tt0000036',4.4,512),('tt0000037',4.5,40),('tt0000038',4.2,154),('tt0000039',3.7,13),('tt0000040',4.3,40),('tt0000041',6.7,1549),('tt0000042',4.5,19),('tt0000043',3.5,11),('tt0000044',4.4,27),('tt0000045',4.5,14),('tt0000046',4.2,15),('tt0000047',3.6,14),('tt0000048',4.9,140),('tt0000049',5.3,26),('tt0000050',4.2,13),('tt0000051',3.7,14),('tt0000052',4.4,70),('tt0000053',2.8,8),('tt0000054',5.3,17),('tt0000055',3.7,14),('tt0000056',3.2,11),('tt0000057',4.4,13),('tt0000058',4.3,12),('tt0000059',3.5,12),('tt0000060',7.7,60),('tt0000061',4.1,13),('tt0000062',6.5,161),('tt0000063',3.5,11),('tt0000064',3.2,11),('tt0000065',3.4,11),('tt0000066',3.4,11),('tt0000067',5.9,40),('tt0000068',3.6,11),('tt0000069',4.8,372),('tt0000070',6.4,2353),('tt0000071',3.5,13),('tt0000072',4.2,12),('tt0000073',3.6,11),('tt0000074',4.6,14),('tt0000075',6.3,1651),('tt0000076',4.5,453),('tt0000077',4.8,17),('tt0000078',3.9,57),('tt0000079',4.4,16),('tt0000080',4.1,12),('tt0000081',4.2,13),('tt0000082',4.8,24),('tt0000083',4.5,18),('tt0000084',4.4,15),('tt0000085',4.7,15),('tt0000086',4.2,13),('tt0000087',4.8,17),('tt0000088',4.7,14),('tt0000089',6.2,871),('tt0000090',4,13),('tt0000091',6.7,3008),('tt0000092',4.6,11),('tt0000093',4.9,69),('tt0000094',4.3,13),('tt0000095',4.8,18),('tt0000096',4.5,10),('tt0000097',4.9,16),('tt0000098',5.5,18),('tt0000099',4.7,13),('tt0000100',5,32);
/*!40000 ALTER TABLE `ratings` ENABLE KEYS */;
UNLOCK TABLES;

--
-- Table structure for table `title_akas`
--

DROP TABLE IF EXISTS `title_akas`;
/*!40101 SET @saved_cs_client     = @@character_set_client */;
/*!40101 SET character_set_client = utf8 */;
CREATE TABLE `title_akas` (
  `tconst` varchar(20) DEFAULT NULL,
  `ordering` int DEFAULT NULL,
  `title` varchar(200) DEFAULT NULL,
  `region` varchar(200) DEFAULT NULL,
  `language` varchar(200) DEFAULT NULL,
  `types` varchar(200) DEFAULT NULL,
  `attributes` varchar(200) DEFAULT NULL,
  `isOriginalTitle` tinyint(1) DEFAULT NULL
) ENGINE=InnoDB DEFAULT CHARSET=utf8mb4 COLLATE=utf8mb4_0900_ai_ci;
/*!40101 SET character_set_client = @saved_cs_client */;

--
-- Dumping data for table `title_akas`
--

LOCK TABLES `title_akas` WRITE;
/*!40000 ALTER TABLE `title_akas` DISABLE KEYS */;
INSERT INTO `title_akas` VALUES ('tt0000001',1,'Карменсіта','UA',NULL,'imdbDisplay',NULL,0),('tt0000001',2,'Carmencita','DE',NULL,NULL,'literal title',0),('tt0000001',3,'Carmencita - spanyol tánc','HU',NULL,'imdbDisplay',NULL,0),('tt0000001',4,'Καρμενσίτα','GR',NULL,'imdbDisplay',NULL,0),('tt0000001',5,'Карменсита','RU',NULL,'imdbDisplay',NULL,0),('tt0000001',6,'Carmencita','US',NULL,NULL,NULL,0),('tt0000001',7,'Carmencita',NULL,NULL,'original',NULL,1),('tt0000001',8,'カルメンチータ','JP','ja','imdbDisplay',NULL,0),('tt0000002',1,'Le clown et ses chiens',NULL,NULL,'original',NULL,1),('tt0000002',2,'A bohóc és kutyái','HU',NULL,'imdbDisplay',NULL,0),('tt0000002',3,'Le clown et ses chiens','FR',NULL,NULL,NULL,0),('tt0000002',4,'Der Clown und seine Hunde','DE',NULL,NULL,'literal title',0),('tt0000002',5,'Clovnul si cainii sai','RO',NULL,'imdbDisplay',NULL,0),('tt0000002',6,'Клоун и его собаки','RU',NULL,'imdbDisplay',NULL,0),('tt0000002',7,'The Clown and His Dogs','US',NULL,NULL,'literal English title',0),('tt0000002',8,'道化師と犬','JP','ja','imdbDisplay',NULL,0),('tt0000003',1,'Sarmanul Pierrot','RO',NULL,'imdbDisplay',NULL,0),('tt0000003',2,'Szegény Pierrot','HU',NULL,'imdbDisplay',NULL,0),('tt0000003',3,'哀れなピエロ','JP','ja','imdbDisplay',NULL,0),('tt0000003',4,'Бідний П\'єро','UA',NULL,'imdbDisplay',NULL,0),('tt0000003',5,'Бедный Пьеро','RU',NULL,'imdbDisplay',NULL,0),('tt0000003',6,'Pauvre Pierrot',NULL,NULL,'original',NULL,1),('tt0000003',7,'Poor Pierrot','GB',NULL,'imdbDisplay',NULL,0),('tt0000003',8,'Pauvre Pierrot','FR',NULL,NULL,NULL,0),('tt0000003',9,'Armer Pierrot','DE',NULL,NULL,'literal title',0),('tt0000004',1,'Un bon bock',NULL,NULL,'original',NULL,1),('tt0000004',2,'Ein gutes Glas Bier','DE',NULL,NULL,'literal title',0),('tt0000004',3,'Un ţap de bere','RO',NULL,'imdbDisplay',NULL,0),('tt0000004',4,'Un bon bock','FR',NULL,NULL,NULL,0),('tt0000004',5,'Полная кружка пива','RU',NULL,'imdbDisplay',NULL,0),('tt0000004',6,'一杯のビール','JP','ja','imdbDisplay',NULL,0),('tt0000004',7,'A Good Beer',NULL,NULL,NULL,NULL,0),('tt0000004',8,'Egy jó pohár sör','HU',NULL,'imdbDisplay',NULL,0),('tt0000005',10,'Blacksmith Scene',NULL,NULL,'original',NULL,1),('tt0000005',11,'The Blacksmith\'s Forge','GB',NULL,NULL,'informal alternative title',0),('tt0000005',1,'Blacksmithing Scene','US',NULL,'alternative',NULL,0),('tt0000005',2,'Ковальська сцена','UA',NULL,'imdbDisplay',NULL,0),('tt0000005',3,'Сцена в кузне','RU',NULL,'imdbDisplay',NULL,0),('tt0000005',4,'Blacksmith Shop','GB',NULL,NULL,'informal alternative title',0),('tt0000005',5,'Blacksmith Scene #1','US',NULL,'alternative',NULL,0),('tt0000005',6,'Blacksmithing','US',NULL,NULL,'informal alternative title',0),('tt0000005',7,'Schmiedszene','DE',NULL,NULL,'literal title',0),('tt0000005',8,'A patkolókovács','HU',NULL,'imdbDisplay',NULL,0),('tt0000005',9,'Blacksmith Scene','US',NULL,NULL,NULL,0),('tt0000006',1,'Китайский опиумный притон','RU',NULL,'imdbDisplay',NULL,0),('tt0000006',2,'Chinezes Fumadores de Ópio','PT',NULL,NULL,'promotional title',0),('tt0000006',3,'Chinese Opium Den','US',NULL,NULL,NULL,0),('tt0000006',4,'Kínai ópiumbarlang','HU',NULL,'imdbDisplay',NULL,0),('tt0000006',5,'Chinese Opium Den',NULL,NULL,'original',NULL,1),('tt0000006',6,'Chinesische Opiumhöhle','DE',NULL,NULL,'literal title',0),('tt0000007',1,'Corbett and Courtney Before the Kinetograph','US',NULL,NULL,NULL,0),('tt0000007',2,'Corbett and Courtney Before the Kinetograph',NULL,NULL,'original',NULL,1),('tt0000007',3,'A Corbett-Courtney bokszmeccs','HU',NULL,'imdbDisplay',NULL,0),('tt0000007',4,'キネトグラフの前のコーベットとコートニー','JP','ja','imdbDisplay',NULL,0),('tt0000007',5,'The Corbett-Courtney Fight','US',NULL,'alternative',NULL,0),('tt0000007',6,'Jim Corbett vs. Peter Courtney','US',NULL,'alternative',NULL,0),('tt0000007',7,'Edison Kinetoscopic Record of Boxers',NULL,NULL,NULL,NULL,0),('tt0000007',8,'Корбетт и Кортни перед кинематографом','RU',NULL,'imdbDisplay',NULL,0),('tt0000007',9,'Corbett und Courtney vor dem Kinetographen','DE',NULL,NULL,'literal title',0),('tt0000008',10,'Edison kinetoskopische Aufnahme eines Niesens','DE',NULL,NULL,'literal title',0),('tt0000008',1,'Edison asszisztense tüsszent','HU',NULL,'imdbDisplay',NULL,0),('tt0000008',2,'フレッド・オット－のくしゃみ','JP','ja','imdbDisplay',NULL,0),('tt0000008',3,'Edison Kinetoscopic Record of a Sneeze, January 7, 1894','US',NULL,NULL,'complete title',0),('tt0000008',4,'Edison Kinetoscopic Record of a Sneeze','US',NULL,NULL,NULL,0),('tt0000008',5,'Edison Kinetoscopic Record of a Sneeze',NULL,NULL,'original',NULL,1),('tt0000008',6,'Fred Otts Niesen','DE',NULL,NULL,'literal title',0),('tt0000008',7,'Чих, записанный на кинетоскоп Эдисона','RU',NULL,'imdbDisplay',NULL,0),('tt0000008',8,'Чхання Фреда Отта','UA',NULL,'imdbDisplay',NULL,0),('tt0000008',9,'Fred Ott\'s Sneeze',NULL,NULL,NULL,NULL,0),('tt0000009',1,'Miss Jerry',NULL,NULL,'original',NULL,1),('tt0000009',2,'Fräulein Jerry','DE',NULL,NULL,'literal title',0),('tt0000009',3,'Miss Jerry','HU',NULL,'imdbDisplay',NULL,0),('tt0000009',4,'Miss Jerry','US',NULL,NULL,NULL,0),('tt0000010',10,'La sortie des usines Lumière','FR',NULL,'alternative',NULL,0),('tt0000010',11,'Радници напуштају фабрику Лимијер','RS',NULL,'imdbDisplay',NULL,0),('tt0000010',12,'La Salida De Los Obreros De La Fábrica Lumière','ES',NULL,NULL,'literal translation of working title',0),('tt0000010',13,'Leaving the Factory','US',NULL,'imdbDisplay',NULL,0),('tt0000010',14,'Salida de obreros de la fábrica Lumiere','UY',NULL,NULL,'premiere title',0),('tt0000010',15,'La sortie des ouvriers de l\'usine Lumière','FR',NULL,NULL,'informal alternative title',0),('tt0000010',16,'Arbeiter verlassen die Lumière-Werke','DE',NULL,'imdbDisplay',NULL,0),('tt0000010',17,'L\'uscita dalle fabbriche Lumière','IT',NULL,'imdbDisplay',NULL,0),('tt0000010',18,'Workers Leaving the Lumière Factory','US',NULL,'imdbDisplay',NULL,0),('tt0000010',19,'工場の出口','JP','ja','imdbDisplay',NULL,0),('tt0000010',1,'La salida de los obreros de la fábrica Lumière','AR',NULL,NULL,NULL,0),('tt0000010',20,'Вихід робітників із фабрики','UA',NULL,'imdbDisplay',NULL,0),('tt0000010',21,'Выход рабочих с фабрики \'Люмьер\'','RU',NULL,'imdbDisplay',NULL,0),('tt0000010',22,'Työntekijät poistuvat Lumière-tehtaalta','FI',NULL,NULL,'informal title',0),('tt0000010',23,'A munkaidő vége','HU',NULL,'imdbDisplay',NULL,0),('tt0000010',24,'Wyjście robotników z fabryki','PL',NULL,'imdbDisplay',NULL,0),('tt0000010',2,'Lumière-fabrikens arbetare','FI','sv',NULL,'informal title',0),('tt0000010',3,'Exiting the Factory','US',NULL,'imdbDisplay',NULL,0),('tt0000010',4,'A Saída dos Operários da Fábrica Lumière','BR',NULL,NULL,NULL,0),('tt0000010',5,'Employees Leaving the Lumière Factory','US',NULL,'alternative',NULL,0),('tt0000010',6,'Sortie d\'usine','FR',NULL,NULL,'short title',0),('tt0000010',7,'La sortie de l\'usine Lumière','FR',NULL,'alternative',NULL,0),('tt0000010',8,'La sortie de l\'usine Lumière à Lyon','FR',NULL,NULL,'poster title',0),('tt0000010',9,'La sortie de l\'usine Lumière à Lyon',NULL,NULL,'original',NULL,1),('tt0000011',1,'Akrobatisches Potpourri','DE',NULL,NULL,NULL,0),('tt0000011',2,'Akrobatisches Potpourri',NULL,NULL,'original',NULL,1),('tt0000011',3,'Акробатическая смесь','RU',NULL,'imdbDisplay',NULL,0),('tt0000012',10,'Juna saapuu asemalle','FI',NULL,NULL,'informal title',0),('tt0000012',11,'Ankunft eines Zuges in La Ciotat','DE',NULL,'imdbDisplay',NULL,0),('tt0000012',12,'A vonat érkezése','HU',NULL,'imdbDisplay',NULL,0),('tt0000012',13,'Прибытие поезда на вокзал города Ла-Сьота','RU',NULL,'imdbDisplay',NULL,0),('tt0000012',14,'La llegada de un tren a la estación de la ciotat','ES',NULL,NULL,'informal title',0),('tt0000012',15,'Toget kører ind på Le Ciotat','DK',NULL,NULL,NULL,0),('tt0000012',16,'Bir trenin La Ciotat garına varışı','TR','tr','imdbDisplay',NULL,0),('tt0000012',17,'The Arrival of a Train','GB',NULL,'imdbDisplay',NULL,0),('tt0000012',18,'Train Pulling into a Station','GB',NULL,'alternative',NULL,0),('tt0000012',19,'L\'arrivée d\'un train à La Ciotat','FR',NULL,NULL,NULL,0),('tt0000012',1,'The Arrival of a Train','US',NULL,'imdbDisplay',NULL,0),('tt0000012',20,'L\'arrivo di un treno nella stazione di La Ciotat','IT',NULL,NULL,NULL,0),('tt0000012',21,'L\'arrivée d\'un train en gare de La Ciotat','FR',NULL,'alternative',NULL,0),('tt0000012',22,'Przyjazd pociągu na stację','PL',NULL,'imdbDisplay',NULL,0),('tt0000012',23,'The Arrival of a Train','XWW','en','imdbDisplay',NULL,0),('tt0000012',24,'ラ・シオタ駅への列車の到着','JP','ja','imdbDisplay',NULL,0),('tt0000012',25,'Прибуття потяга на вокзал Ла-Сьота','UA',NULL,'imdbDisplay',NULL,0),('tt0000012',26,'The Arrival of a Train','XEU','en','imdbDisplay',NULL,0),('tt0000012',27,'L\'arrivo di un treno alla stazione di La Ciotat','IT',NULL,NULL,NULL,0),('tt0000012',2,'The Arrival of a Train','XWW',NULL,'imdbDisplay',NULL,0),('tt0000012',3,'The Arrival of the Mail Train','US',NULL,'alternative',NULL,0),('tt0000012',4,'L\'arrivée d\'un train à La Ciotat',NULL,NULL,'original',NULL,1),('tt0000012',5,'Príchod vlaku do stanice La Ciotat','SK',NULL,'imdbDisplay',NULL,0),('tt0000012',6,'Долазак воза на станицу','RS',NULL,'imdbDisplay',NULL,0),('tt0000012',7,'A Chegada de um Trem à Estação','BR',NULL,'imdbDisplay',NULL,0),('tt0000012',8,'Tåget anländer till stationen','FI','sv',NULL,'informal title',0),('tt0000012',9,'The Arrival of a Train at La Ciotat','XWW','en','alternative',NULL,0),('tt0000013',10,'Arrivée des congressistes à Neuville-sur-Saône','FR',NULL,'alternative',NULL,0),('tt0000013',11,'Прибуття делегатів на фотоконгрес у Ліоні','UA',NULL,'imdbDisplay',NULL,0),('tt0000013',12,'Fotografi napuštaju palubu u Lionu','RS',NULL,'imdbDisplay',NULL,0),('tt0000013',13,'Congrès des sociétés photographiques de France',NULL,NULL,NULL,NULL,0),('tt0000013',1,'Débarquement',NULL,NULL,NULL,NULL,0),('tt0000013',2,'Le débarquement du congrès de photographie à Lyon','FR',NULL,'alternative',NULL,0),('tt0000013',3,'Прибытие делегатов на фотоконгресс в Лионе','RU',NULL,'imdbDisplay',NULL,0),('tt0000013',4,'The Photographical Congress Arrives in Lyon','US',NULL,NULL,NULL,0),('tt0000013',5,'Neuville-sur-Saône: Débarquement du congrès des photographes à Lyon',NULL,NULL,'original',NULL,1),('tt0000013',6,'Neuville-sur-Saône: Débarquement du congrès des photographes à Lyon','FR',NULL,NULL,NULL,0),('tt0000013',7,'Przybycie delegatów na kongres fotograficzny w Lyonie','PL',NULL,'imdbDisplay',NULL,0),('tt0000013',8,'A kongresszus tagjainak partraszállása','HU',NULL,'imdbDisplay',NULL,0),('tt0000013',9,'Promenade des congressistes sur le bord de la Saône',NULL,NULL,NULL,NULL,0),('tt0000014',10,'水をかけられた散水夫','JP','ja','imdbDisplay',NULL,0),('tt0000014',11,'O Regador Regado','BR',NULL,'imdbDisplay',NULL,0),('tt0000014',12,'The Sprayer Sprayed','US',NULL,'alternative',NULL,0),('tt0000014',13,'L\'arroseur arrosé','FR',NULL,NULL,NULL,0),('tt0000014',14,'L\'arroseur arrosé',NULL,NULL,'original',NULL,1),('tt0000014',15,'Заливена вода','RS',NULL,'imdbDisplay',NULL,0),('tt0000014',16,'The Waterer Watered','US',NULL,'imdbDisplay',NULL,0),('tt0000014',17,'Arroseur et arrosé','FR',NULL,'alternative',NULL,0),('tt0000014',18,'Puutarhuri','FI',NULL,NULL,NULL,0),('tt0000014',19,'Pokropený kropic','CZ',NULL,'imdbDisplay',NULL,0),('tt0000014',1,'The Sprinkler Sprinkled','US',NULL,'imdbDisplay',NULL,0),('tt0000014',20,'Политий поливальник','UA',NULL,'imdbDisplay',NULL,0),('tt0000014',21,'Der begossene Gärtner','DE',NULL,'imdbDisplay',NULL,0),('tt0000014',22,'Trädgårsmästarn','FI','sv',NULL,NULL,0),('tt0000014',23,'Le jardinier et le petit espiègle','FR',NULL,'alternative',NULL,0),('tt0000014',24,'Политый поливальщик','RU',NULL,'imdbDisplay',NULL,0),('tt0000014',2,'Tables Turned on the Gardener','US',NULL,'alternative',NULL,0),('tt0000014',3,'Gartneren vandes','DK',NULL,NULL,NULL,0),('tt0000014',4,'El Regador Regado','ES',NULL,NULL,'complete title',0),('tt0000014',5,'A megöntözött öntöző','HU',NULL,'imdbDisplay',NULL,0),('tt0000014',6,'Vattnaren bevattnad','SE',NULL,NULL,NULL,0),('tt0000014',7,'Le jardinier','FR',NULL,NULL,'première title',0),('tt0000014',8,'Oblany ogrodnik','PL',NULL,NULL,NULL,0),('tt0000014',9,'L\'innaffiatore annaffiato','IT',NULL,NULL,NULL,0),('tt0000015',1,'Вoкруг кабинки','RU',NULL,'imdbDisplay',NULL,0),('tt0000015',2,'Egy kabin körül','HU',NULL,'imdbDisplay',NULL,0),('tt0000015',3,'Around a Bathing Hut','US',NULL,NULL,'literal English title',0),('tt0000015',4,'Autour d\'une cabine','FR',NULL,NULL,NULL,0),('tt0000015',5,'Autour d\'une cabine',NULL,NULL,'original',NULL,1),('tt0000015',6,'Навколо кабінки','UA',NULL,'imdbDisplay',NULL,0),('tt0000016',10,'Brod napušta luku','RS',NULL,'imdbDisplay',NULL,0),('tt0000016',1,'Boat Leaving the Port','XWW','en',NULL,'informal title',0),('tt0000016',2,'Лодка выходит из порта','RU',NULL,'imdbDisplay',NULL,0),('tt0000016',3,'Kikötőből távozó bárka','HU',NULL,'imdbDisplay',NULL,0),('tt0000016',4,'La sortie du port',NULL,NULL,NULL,NULL,0),('tt0000016',5,'Vene lähtee satamasta','FI',NULL,NULL,'informal title',0),('tt0000016',6,'Barque sortant du port','FR',NULL,NULL,NULL,0),('tt0000016',7,'Barque sortant du port',NULL,NULL,'original',NULL,1),('tt0000016',8,'Båten lämnar hamnet','FI','sv',NULL,'informal title',0),('tt0000016',9,'Łódź wypływająca z portu','PL',NULL,'imdbDisplay',NULL,0),('tt0000017',1,'Italienischer Bauerntanz',NULL,NULL,'original',NULL,1),('tt0000017',2,'Bauerntanz zweier Kinder','DE',NULL,NULL,'bowdlerized title',0),('tt0000017',3,'Итальянский крестьянский танец','RU',NULL,'imdbDisplay',NULL,0),('tt0000017',4,'Italienischer Bauerntanz','DE',NULL,NULL,NULL,0),('tt0000018',1,'Das boxende Känguruh','DE',NULL,NULL,NULL,0),('tt0000018',2,'Cangurul boxer','RO',NULL,'imdbDisplay',NULL,0),('tt0000018',3,'Das boxende Känguruh',NULL,NULL,'original',NULL,1),('tt0000018',4,'Бокс с кенгуру','RU',NULL,'imdbDisplay',NULL,0),('tt0000018',5,'Mr. Delaware and the Boxing Kangaroo','GB',NULL,NULL,'reissue title',0),('tt0000019',1,'The Clown Barber','GB',NULL,NULL,NULL,0),('tt0000020',1,'The Derby 1895',NULL,NULL,'original',NULL,1),('tt0000020',2,'Дерби 1895','RU',NULL,'imdbDisplay',NULL,0),('tt0000020',3,'The Derby 1895','GB',NULL,NULL,NULL,0),('tt0000022',1,'The Blacksmiths','US',NULL,NULL,'literal English title',0),('tt0000022',2,'Kowale','PL',NULL,'imdbDisplay',NULL,0),('tt0000022',3,'Кузнецы','RU',NULL,'imdbDisplay',NULL,0),('tt0000022',4,'Ковалі','UA',NULL,'imdbDisplay',NULL,0),('tt0000022',5,'Les forgerons','FR',NULL,NULL,NULL,0),('tt0000022',6,'Blacksmith Scene','US',NULL,NULL,NULL,0),('tt0000022',7,'Les forgerons',NULL,NULL,'original',NULL,1),('tt0000022',8,'Blacksmiths at Work','GB',NULL,NULL,'informal English title',0),('tt0000023',10,'La mer',NULL,NULL,NULL,NULL,0),('tt0000023',11,'A Dip in the Sea',NULL,NULL,NULL,NULL,0),('tt0000023',12,'Kapiel w morzu','PL',NULL,'imdbDisplay',NULL,0),('tt0000023',13,'Hafvet','FI','sv',NULL,NULL,0),('tt0000023',1,'Plivanje u moru','RS',NULL,'imdbDisplay',NULL,0),('tt0000023',2,'Морське купання','UA',NULL,'imdbDisplay',NULL,0),('tt0000023',3,'Sea Bathing','GB',NULL,NULL,'informal title',0),('tt0000023',4,'The Sea','US',NULL,NULL,NULL,0),('tt0000023',5,'Meri ihmeellisine kylpykuvauksineen','FI',NULL,NULL,NULL,0),('tt0000023',6,'Baignade en mer',NULL,NULL,'original',NULL,1),('tt0000023',7,'Baignade en mer','FR',NULL,NULL,NULL,0),('tt0000023',8,'Море','RU',NULL,'imdbDisplay',NULL,0),('tt0000023',9,'Meri','FI',NULL,NULL,'informal title',0),('tt0000024',1,'Opening of the Kiel Canal',NULL,NULL,'original',NULL,1),('tt0000024',2,'Eroffnung des Nordostsee Kanals','DE',NULL,'imdbDisplay',NULL,0),('tt0000024',3,'Inauguration of the Kiel Canal by Kaiser Wilhelm II','GB',NULL,'alternative',NULL,0),('tt0000024',4,'A Kieli-csatorna megnyitása','HU',NULL,'imdbDisplay',NULL,0),('tt0000024',5,'Opening of the Kiel Canal','GB',NULL,NULL,NULL,0),('tt0000025',1,'The Oxford and Cambridge University Boat Race','GB',NULL,NULL,NULL,0),('tt0000026',10,'Et spil kort','DK',NULL,NULL,NULL,0),('tt0000026',11,'Kortspelet','FI','sv',NULL,'informal title',0),('tt0000026',12,'Партія в карти','UA',NULL,'imdbDisplay',NULL,0),('tt0000026',13,'Ett parti ecarté','FI','sv',NULL,NULL,0),('tt0000026',14,'Партия в карты','RU',NULL,'imdbDisplay',NULL,0),('tt0000026',1,'Partia kart','PL',NULL,'imdbDisplay',NULL,0),('tt0000026',2,'Card Game',NULL,NULL,NULL,NULL,0),('tt0000026',3,'Korttipeli','FI',NULL,NULL,'informal title',0),('tt0000026',4,'Game of Cards','GB',NULL,NULL,'informal English title',0),('tt0000026',5,'The Messers. Lumière at Cards','US',NULL,NULL,NULL,0),('tt0000026',6,'Kártyaparti','HU',NULL,'imdbDisplay',NULL,0),('tt0000026',7,'Ecarté peliä','FI',NULL,NULL,NULL,0),('tt0000026',8,'Partie d\'écarté',NULL,NULL,'original',NULL,1),('tt0000026',9,'Partie d\'écarté','FR',NULL,NULL,'alternative spelling',0),('tt0000027',1,'Площа Кордельє в Ліоні','UA',NULL,'imdbDisplay',NULL,0),('tt0000027',2,'Cordeliers\' Square in Lyon','US',NULL,NULL,NULL,0),('tt0000027',3,'Площадь Корделье в Лионе','RU',NULL,'imdbDisplay',NULL,0),('tt0000027',4,'Place des Cordeliers à Lyon','FR',NULL,NULL,NULL,0),('tt0000027',5,'Place des Cordeliers à Lyon',NULL,NULL,'original',NULL,1),('tt0000027',6,'Cordeliers Square, Lyons, France','GB',NULL,NULL,'informal English title',0),('tt0000028',1,'A Pesca do Peixe Dourado','BR',NULL,'imdbDisplay',NULL,0),('tt0000028',2,'La pêche aux poissons rouges',NULL,NULL,'original',NULL,1),('tt0000028',3,'La pêche aux poissons rouges','FR',NULL,NULL,NULL,0),('tt0000028',4,'Виловлювання червоних рибок','UA',NULL,'imdbDisplay',NULL,0),('tt0000028',5,'Zabawa z rybka','PL',NULL,'imdbDisplay',NULL,0),('tt0000028',6,'Вылaвливание красных рыбок','RU',NULL,'imdbDisplay',NULL,0),('tt0000028',7,'Fishing for Goldfish','US',NULL,NULL,NULL,0),('tt0000029',10,'Repas de bébé','DE',NULL,'imdbDisplay',NULL,0),('tt0000029',11,'Le goûter de bébé','FR',NULL,NULL,NULL,0),('tt0000029',12,'Сніданок немовляти','UA',NULL,'imdbDisplay',NULL,0),('tt0000029',13,'Lapsen ateria','FI',NULL,NULL,'informal title',0),('tt0000029',14,'Baby mades','DK',NULL,NULL,NULL,0),('tt0000029',15,'A kisbaba reggelije','HU',NULL,'imdbDisplay',NULL,0),('tt0000029',16,'La colazione del bimbo','IT',NULL,'imdbDisplay',NULL,0),('tt0000029',17,'Вечера за бебу','RS',NULL,'imdbDisplay',NULL,0),('tt0000029',18,'Barnets måltid','FI','sv',NULL,'informal title',0),('tt0000029',19,'Baby\'s Lunch','US',NULL,NULL,'original script title',0),('tt0000029',1,'Baby\'s Dinner','US',NULL,NULL,NULL,0),('tt0000029',2,'Feeding the Baby','US',NULL,NULL,NULL,0),('tt0000029',3,'La comida del bebé','UY',NULL,NULL,'premiere title',0),('tt0000029',4,'Baby\'s Meal','XWW','en',NULL,'informal literal title',0),('tt0000029',5,'O Almoço do Bebê','BR',NULL,'imdbDisplay',NULL,0),('tt0000029',6,'Завтрак младенца','RU',NULL,'imdbDisplay',NULL,0),('tt0000029',7,'Karmienie dziecka','PL',NULL,'imdbDisplay',NULL,0),('tt0000029',8,'Repas de bébé',NULL,NULL,'original',NULL,1),('tt0000029',9,'Déjeuner de bébé','FR',NULL,'alternative',NULL,0),('tt0000030',1,'Бушующее море, вызвавшее наводнение в Дувре','RU',NULL,'imdbDisplay',NULL,0),('tt0000030',2,'Rough Sea at Dover',NULL,NULL,'original',NULL,1),('tt0000030',3,'A hullámzó tenger Dovernél','HU',NULL,'imdbDisplay',NULL,0),('tt0000030',4,'Sea Waves at Dover','GB',NULL,'alternative',NULL,0),('tt0000030',5,'Rough Sea at Dover','GB',NULL,NULL,NULL,0),('tt0000030',6,'A South-West Storm in Dover','GB',NULL,'alternative',NULL,0),('tt0000030',7,'A South-Wester','GB',NULL,'alternative',NULL,0),('tt0000031',1,'Saut à la couverte','FR',NULL,NULL,'reissue title',0),('tt0000031',2,'Sotilaskuva','FI',NULL,NULL,NULL,0),('tt0000031',3,'Brimade dans une caserne',NULL,NULL,NULL,NULL,0),('tt0000031',4,'En soldatscen','FI','sv',NULL,NULL,0),('tt0000031',5,'Прыжок на брезент','RU',NULL,'imdbDisplay',NULL,0),('tt0000031',6,'Jumping the Blanket','US',NULL,NULL,NULL,0),('tt0000031',7,'Стрибок через брезент','UA',NULL,'imdbDisplay',NULL,0),('tt0000031',8,'Le saut à la couverture',NULL,NULL,'original',NULL,1),('tt0000031',9,'Le saut à la couverture','FR',NULL,NULL,NULL,0),('tt0000032',1,'Dans serpentin','RO',NULL,'imdbDisplay',NULL,0),('tt0000032',2,'Serpentinen Tanz','DE',NULL,'alternative',NULL,0),('tt0000032',3,'Die Serpentintänzerin',NULL,NULL,'original',NULL,1),('tt0000032',4,'Serpentintanz Mlle. Ancion','DE',NULL,NULL,NULL,0),('tt0000032',5,'Серпантин','RU',NULL,'imdbDisplay',NULL,0),('tt0000033',1,'A Acrobacia','BR',NULL,'imdbDisplay',NULL,0),('tt0000033',2,'Hyppyjä','FI',NULL,NULL,NULL,0),('tt0000033',3,'La voltige',NULL,NULL,'original',NULL,1),('tt0000033',4,'Вoльтижировка','RU',NULL,'imdbDisplay',NULL,0),('tt0000033',5,'Trick Riding','US',NULL,NULL,NULL,0),('tt0000033',6,'La voltige','FR',NULL,NULL,NULL,0),('tt0000033',7,'Вольтижування','UA',NULL,'imdbDisplay',NULL,0),('tt0000034',1,'Arrivée d\'un train gare de Vincennes',NULL,NULL,'original',NULL,1),('tt0000034',2,'Arrivée d\'un train gare de Vincennes','FR',NULL,NULL,NULL,0),('tt0000034',3,'Arrival of a Train at Vincennes Station','XWW','en','alternative',NULL,0),('tt0000035',1,'L\'arroseur','FR',NULL,NULL,NULL,0),('tt0000035',2,'L\'arroseur',NULL,NULL,'original',NULL,1),('tt0000035',3,'The Sprinkler Sprinkled','XWW','en','alternative',NULL,0),('tt0000035',4,'Watering the Flowers','US',NULL,NULL,NULL,0),('tt0000036',1,'Awakening of Rip','US',NULL,NULL,NULL,0),('tt0000036',2,'Awakening of Rip',NULL,NULL,'original',NULL,1),('tt0000036',3,'Пробуждение Рипа','RU',NULL,'imdbDisplay',NULL,0),('tt0000037',1,'Sea Bathing','US',NULL,'imdbDisplay',NULL,0),('tt0000037',2,'Плавание в море','RU',NULL,'imdbDisplay',NULL,0),('tt0000037',3,'Baignade en mer',NULL,NULL,'original',NULL,1),('tt0000037',4,'Baignade en mer','FR',NULL,NULL,NULL,0),('tt0000038',1,'The Ball Game','US',NULL,NULL,NULL,0),('tt0000039',1,'Barnet Horse Fair','GB',NULL,NULL,NULL,0),('tt0000040',1,'Boat Leaving the Harbor at Trouville','US',NULL,NULL,'literal English title',0),('tt0000040',2,'Barque sortant du port de Trouville','FR',NULL,NULL,NULL,0),('tt0000040',3,'Barque sortant du port de Trouville',NULL,NULL,'original',NULL,1),('tt0000041',10,'Snowball Fight','GB',NULL,'imdbDisplay',NULL,0),('tt0000041',1,'Snowball Fight','US',NULL,NULL,'informal English title',0),('tt0000041',2,'Bataille de neige',NULL,NULL,'original',NULL,1),('tt0000041',3,'A Batalha de Neve','BR',NULL,'imdbDisplay',NULL,0),('tt0000041',4,'Игра в снежки','RU',NULL,'imdbDisplay',NULL,0),('tt0000041',5,'Гра в сніжки','UA',NULL,'imdbDisplay',NULL,0),('tt0000041',6,'Bataille de boules de neige','FR',NULL,'imdbDisplay',NULL,0),('tt0000041',7,'Hógolyó csata','HU',NULL,'imdbDisplay',NULL,0),('tt0000041',8,'Die Schneeballschlacht','DE',NULL,'imdbDisplay',NULL,0),('tt0000041',9,'Bitwa na sniezki','PL',NULL,'imdbDisplay',NULL,0),('tt0000042',1,'Seine nehrindeki gemiler','TR','tr',NULL,NULL,0),('tt0000042',2,'Bateau-mouche sur la Seine',NULL,NULL,'original',NULL,1),('tt0000042',3,'Bateau-mouche sur la Seine','FR',NULL,NULL,NULL,0),('tt0000043',1,'Batteuse à vapeur','FR',NULL,NULL,NULL,0),('tt0000044',1,'Le bivouac','FR',NULL,NULL,NULL,0),('tt0000045',1,'Les blanchisseuses',NULL,NULL,'original',NULL,1),('tt0000045',2,'Les blanchisseuses','FR',NULL,NULL,NULL,0),('tt0000045',3,'The Washerwomen','US',NULL,NULL,'literal English title',0),('tt0000045',4,'Mosónök','HU',NULL,'imdbDisplay',NULL,0),('tt0000046',1,'Bois de Boulogne','FR',NULL,NULL,NULL,0),('tt0000046',2,'Bois de Boulogne',NULL,NULL,'original',NULL,1),('tt0000046',3,'Bois de Boulogne (Porte de Madrid)','FR',NULL,'alternative',NULL,0),('tt0000047',1,'Boulevard des Italiens','FR',NULL,NULL,NULL,0),('tt0000048',1,'The Boxing Kangaroo','GB',NULL,NULL,NULL,0),('tt0000049',1,'Boxing Match; or, Glove Contest','GB',NULL,NULL,NULL,0),('tt0000050',1,'Bébé et fillettes',NULL,NULL,'original',NULL,1),('tt0000050',2,'Baby and Young Girls','US',NULL,NULL,'literal English title',0),('tt0000050',3,'Bébé et fillettes','FR',NULL,NULL,NULL,0),('tt0000051',1,'The Bohemian Encampment','US',NULL,NULL,NULL,0),('tt0000051',2,'Gypsies at Home','US',NULL,NULL,'literal English title',0),('tt0000051',3,'El campamento bohemio','XWW','es',NULL,NULL,0),('tt0000051',4,'Campement de bohémiens','FR',NULL,NULL,NULL,0),('tt0000051',5,'Campement de bohémiens',NULL,NULL,'original',NULL,1),('tt0000052',1,'Carga de rurales','MX',NULL,NULL,NULL,0),('tt0000052',2,'Carga de rurales',NULL,NULL,'original',NULL,1),('tt0000052',3,'Rurales Mexicanos al galope','MX',NULL,NULL,'alternative spelling',0),('tt0000052',4,'Verpflichtung der Landpolizei','DE',NULL,NULL,NULL,0),('tt0000052',5,'Desfile de rurales al galope el 16 de septiembre',NULL,NULL,NULL,NULL,0),('tt0000053',1,'A Chegada do Comboio Inaugural à Estação Central do Porto','PT',NULL,NULL,NULL,0),('tt0000054',1,'A Merry-Go-Round','US',NULL,NULL,NULL,0),('tt0000054',2,'Les chevaux de bois',NULL,NULL,'original',NULL,1),('tt0000054',3,'Les chevaux de bois','FR',NULL,NULL,NULL,0),('tt0000055',1,'Le chiffonnier','FR',NULL,NULL,NULL,0),('tt0000056',1,'Uma Corrida de Touros no Campo Pequeno','GB',NULL,NULL,NULL,0),('tt0000057',1,'Cortège de tzar allant à Versailles',NULL,NULL,'original',NULL,1),('tt0000057',2,'Cortège de tzar allant à Versailles','FR',NULL,NULL,NULL,0),('tt0000057',3,'The Czar and His Cortege Going to Versailles','GB',NULL,'imdbDisplay',NULL,0),('tt0000058',1,'The Czar\'s Cortege in the Bois de Boulogne','GB',NULL,'imdbDisplay',NULL,0),('tt0000058',2,'Cortège de tzar au Bois de Boulogne',NULL,NULL,'original',NULL,1),('tt0000058',3,'Cortège de tzar au Bois de Boulogne','FR',NULL,NULL,NULL,0),('tt0000059',1,'Coronation of a Village Maiden','US',NULL,NULL,NULL,0),('tt0000059',2,'Couronnement de la rosière',NULL,NULL,'original',NULL,1),('tt0000059',3,'Couronnement de la rosière','FR',NULL,NULL,NULL,0),('tt0000060',1,'Dancing Darkies','US',NULL,NULL,NULL,0),('tt0000061',1,'Dancing Girls','GB',NULL,NULL,NULL,0),('tt0000062',1,'Danse serpentine','FR',NULL,NULL,NULL,0),('tt0000063',1,'Dessinateur express',NULL,NULL,'original',NULL,1),('tt0000063',2,'Dessinateur express (M. Thiers)','FR',NULL,'alternative',NULL,0),('tt0000063',3,'Dessinateur express','FR',NULL,NULL,NULL,0),('tt0000064',1,'Dessinateur: Chamberlain','FR',NULL,NULL,NULL,0),('tt0000065',1,'Dessinateur: Reine Victoria','FR',NULL,NULL,NULL,0),('tt0000066',1,'Dessinateur: Von Bismark','FR',NULL,NULL,NULL,0),('tt0000067',1,'Dix chapeaux en 60 secondes',NULL,NULL,'original',NULL,1),('tt0000067',2,'Conjurer Making Ten Hats in Sixty Seconds','US',NULL,NULL,NULL,0),('tt0000067',3,'Dix chapeaux en 60 secondes','FR',NULL,NULL,NULL,0),('tt0000068',1,'Unloading the Boat','US',NULL,NULL,NULL,0),('tt0000068',2,'Déchargement de bateaux au Havre','FR',NULL,'alternative',NULL,0),('tt0000068',3,'Déchargement de bateaux','FR',NULL,NULL,NULL,0),('tt0000068',4,'Déchargement de bateaux',NULL,NULL,'original',NULL,1),('tt0000069',1,'Post No Bills','US',NULL,NULL,NULL,0),('tt0000069',2,'Защита','RU',NULL,'imdbDisplay',NULL,0),('tt0000069',3,'Defense Show','US',NULL,NULL,'literal English title',0),('tt0000069',4,'Απαγορεύεται η Αφισοκόλληση','GR',NULL,'imdbDisplay',NULL,0),('tt0000069',5,'Défense d\'afficher',NULL,NULL,'original',NULL,1),('tt0000069',6,'Défense d\'afficher','FR',NULL,NULL,NULL,0),('tt0000070',10,'Разрушение стены','RU',NULL,'imdbDisplay',NULL,0),('tt0000070',11,'Zburzenie muru','PL',NULL,'imdbDisplay',NULL,0),('tt0000070',12,'Démolition d\'un mur',NULL,NULL,'original',NULL,1),('tt0000070',13,'En vägg rivs','FI','sv',NULL,'informal title',0),('tt0000070',14,'Démolition d\'un mur','FR',NULL,NULL,NULL,0),('tt0000070',15,'Зруйнування муру','UA',NULL,'imdbDisplay',NULL,0),('tt0000070',1,'Falbontás','HU',NULL,'imdbDisplay',NULL,0),('tt0000070',2,'Miten seinä hajotetaan','FI',NULL,NULL,'informal title',0),('tt0000070',3,'Demolition of a Wall','US',NULL,NULL,'literal English title',0),('tt0000070',4,'Demolizione di un muro','IT',NULL,'imdbDisplay',NULL,0),('tt0000070',5,'Seinän kaataminen','FI',NULL,NULL,'informal title',0),('tt0000070',6,'Demolición de un muro','UY',NULL,NULL,'premiere title',0),('tt0000070',7,'Demolition of a Wall','XWW','en','imdbDisplay',NULL,0),('tt0000070',8,'Demolição de um Muro','BR',NULL,'imdbDisplay',NULL,0),('tt0000070',9,'Demolition of a Wall',NULL,NULL,NULL,'literal English title',0),('tt0000071',1,'Automobiles Starting a Race','US',NULL,'imdbDisplay',NULL,0),('tt0000071',2,'Départ des automobiles','FR',NULL,NULL,NULL,0),('tt0000071',3,'Départ des automobiles',NULL,NULL,'original',NULL,1),('tt0000072',1,'Officers of French Army Leaving Service','US',NULL,'imdbDisplay',NULL,0),('tt0000072',2,'Départ des officiers',NULL,NULL,'original',NULL,1),('tt0000072',3,'Départ des officiers','FR',NULL,NULL,NULL,0),('tt0000073',1,'Effets de mer sur les rochers',NULL,NULL,'original',NULL,1),('tt0000073',2,'Effets de mer sur les rochers','FR',NULL,NULL,NULL,0),('tt0000073',3,'Sea Breaking on the Rocks','GB',NULL,'imdbDisplay',NULL,0),('tt0000074',1,'Children Playing on the Beach','GB',NULL,'imdbDisplay',NULL,0),('tt0000074',2,'Enfants jouant sur la plage',NULL,NULL,'original',NULL,1),('tt0000074',3,'Enfants jouant sur la plage','FR',NULL,NULL,NULL,0),('tt0000075',10,'Znikajaca kobieta','PL',NULL,'imdbDisplay',NULL,0),('tt0000075',1,'Escamotage d\'une dame chez Robert-Houdin','FR',NULL,'alternative',NULL,0),('tt0000075',2,'Egy hölgy eltűnése','HU',NULL,'imdbDisplay',NULL,0),('tt0000075',3,'Исчезновение дамы в театре Робера Удена','RU',NULL,'imdbDisplay',NULL,0),('tt0000075',4,'The Vanishing Lady',NULL,NULL,NULL,NULL,0),('tt0000075',5,'ロベール＝ウーダン劇場における婦人の雲隠れ','JP','ja','imdbDisplay',NULL,0),('tt0000075',6,'The Conjuring of a Woman at the House of Robert Houdin','US',NULL,NULL,NULL,0),('tt0000075',7,'Escamotage d\'une dame au théâtre Robert Houdin','FR',NULL,'alternative',NULL,0),('tt0000075',8,'O Desaparecimento de uma Dama no Teatro Robert Houdin','BR',NULL,'imdbDisplay',NULL,0),('tt0000075',9,'Escamotage d\'une dame au théâtre Robert Houdin',NULL,NULL,'original',NULL,1),('tt0000076',1,'Выход Рипа и гнома','RU',NULL,'imdbDisplay',NULL,0),('tt0000076',2,'Rip and the Dwarf','US',NULL,NULL,'copyright title',0),('tt0000076',3,'Exit of Rip and the Dwarf','US',NULL,NULL,NULL,0),('tt0000076',4,'Exit of Rip and the Dwarf',NULL,NULL,'original',NULL,1),('tt0000077',1,'Le fakir, mystère indien','FR',NULL,NULL,NULL,0),('tt0000078',1,'Feira de Gado na Corujeira','PT',NULL,NULL,NULL,0),('tt0000078',2,'Feira de Gado na Corujeira',NULL,NULL,'original',NULL,1),('tt0000078',3,'A Feira da Corujeira','PT',NULL,NULL,'short title',0),('tt0000078',4,'O Mercado da Corujeira','PT',NULL,NULL,'informal alternative title',0),('tt0000079',1,'La gare Saint-Lazare','FR',NULL,NULL,NULL,0),('tt0000080',1,'Manoeuvres of the French Army','GB',NULL,'imdbDisplay',NULL,0),('tt0000080',2,'Grandes manoeuvres','FR',NULL,NULL,NULL,0),('tt0000080',3,'Grandes manoeuvres',NULL,NULL,'original',NULL,1),('tt0000081',1,'Les haleurs de bateaux','FR',NULL,NULL,NULL,0),('tt0000081',2,'Les haleurs de bateaux',NULL,NULL,'original',NULL,1),('tt0000081',3,'Towing a Boat on the River','US',NULL,'imdbDisplay',NULL,0),('tt0000082',1,'A Hard Wash','US',NULL,NULL,NULL,0),('tt0000082',2,'A Hard Wash',NULL,NULL,'original',NULL,1),('tt0000082',3,'A Pickaninny\'s Battle','US',NULL,'alternative',NULL,0),('tt0000083',1,'Die Indiskreten','DE',NULL,NULL,NULL,0),('tt0000083',2,'Les indiscrets',NULL,NULL,'original',NULL,1),('tt0000083',3,'The Peeping Toms','GB',NULL,'imdbDisplay',NULL,0),('tt0000083',4,'Les indiscrets','FR',NULL,NULL,NULL,0),('tt0000084',1,'The Drunkards','GB',NULL,'imdbDisplay',NULL,0),('tt0000084',2,'Les ivrognes',NULL,NULL,'original',NULL,1),('tt0000084',3,'Les ivrognes','FR',NULL,NULL,NULL,0),('tt0000085',1,'Gardener Burning Weeds','US',NULL,NULL,NULL,0),('tt0000085',2,'Jardinier brûlant des herbes','FR',NULL,NULL,NULL,0),('tt0000085',3,'Jardinier brûlant des herbes',NULL,NULL,'original',NULL,1),('tt0000086',1,'Beach and Pier at Trouville, 1st part','US',NULL,NULL,NULL,0),('tt0000086',2,'Jetée et plage de Trouville (1er partie)','FR',NULL,NULL,NULL,0),('tt0000086',3,'Jetée et plage de Trouville (1er partie)',NULL,NULL,'original',NULL,1),('tt0000087',1,'Jetée et plage de Trouville (2e partie)','FR',NULL,NULL,NULL,0),('tt0000087',2,'Jetée et plage de Trouville (2e partie)',NULL,NULL,'original',NULL,1),('tt0000087',3,'Beach and Pier at Trouville, 2nd part','US',NULL,NULL,NULL,0),('tt0000088',1,'Jour de marché à Trouville',NULL,NULL,'original',NULL,1),('tt0000088',2,'Jour de marché à Trouville','FR',NULL,NULL,NULL,0),('tt0000088',3,'Market Day','US',NULL,NULL,NULL,0),('tt0000089',1,'Vonattal Jeruzsálemböl','HU',NULL,'imdbDisplay',NULL,0),('tt0000089',2,'Départ de Jérusalem en chemin de fer',NULL,NULL,'original',NULL,1),('tt0000089',3,'Départ de Jérusalem en chemin de fer','FR',NULL,NULL,NULL,0),('tt0000089',4,'Отъезд из Иерусалима по железной дороге','RU',NULL,'imdbDisplay',NULL,0),('tt0000089',5,'Juna lähtee Jerusalemista','FI',NULL,NULL,'informal title',0),('tt0000089',6,'Tåget avgår från Jerusalem','FI','sv',NULL,'informal title',0),('tt0000089',7,'Leaving Jerusalem by Railway','XWW','en',NULL,NULL,0),('tt0000089',8,'Wyjezdzajac z Jerozolimy koleja zelazna','PL',NULL,'imdbDisplay',NULL,0),('tt0000090',1,'Breaking Up of the Territorial Army','GB',NULL,'imdbDisplay',NULL,0),('tt0000090',2,'Libération des territoriaux',NULL,NULL,'original',NULL,1),('tt0000090',3,'Libération des territoriaux','FR',NULL,NULL,NULL,0),('tt0000091',10,'The Haunted Castle','NO',NULL,'imdbDisplay',NULL,0),('tt0000091',11,'Le manoir du diable','FR',NULL,NULL,NULL,0),('tt0000091',12,'Az ördög kastélya','HU',NULL,'imdbDisplay',NULL,0),('tt0000091',13,'The Devil\'s Castle','XEU','en',NULL,NULL,0),('tt0000091',14,'Rezydencja diabla','PL',NULL,'imdbDisplay',NULL,0),('tt0000091',15,'The House of the Devil','US',NULL,NULL,NULL,0),('tt0000091',16,'The Manor of the Devil',NULL,NULL,NULL,NULL,0),('tt0000091',1,'Manor of the Devil',NULL,NULL,NULL,NULL,0),('tt0000091',2,'O Solar do Diabo','BR',NULL,'imdbDisplay',NULL,0),('tt0000091',3,'Уклети замак','RS',NULL,'imdbDisplay',NULL,0),('tt0000091',4,'Замок диявола','UA',NULL,'imdbDisplay',NULL,0),('tt0000091',5,'The Devil\'s Manor',NULL,NULL,NULL,NULL,0),('tt0000091',6,'悪魔の館','JP','ja','imdbDisplay',NULL,0),('tt0000091',7,'The Haunted Castle','US',NULL,'dvd',NULL,0),('tt0000091',8,'Le manoir du diable',NULL,NULL,'original',NULL,1),('tt0000091',9,'Замок дьявола','RU',NULL,'imdbDisplay',NULL,0),('tt0000092',1,'Marée montante sur Brise-Larmes','FR',NULL,NULL,NULL,0),('tt0000092',2,'Tide Rising Over the Breakwater','GB',NULL,'imdbDisplay',NULL,0),('tt0000092',3,'Marée montante sur Brise-Larmes',NULL,NULL,'original',NULL,1),('tt0000093',1,'Melbourne','FR',NULL,NULL,NULL,0),('tt0000094',1,'Miss de Vere','FR',NULL,NULL,NULL,0),('tt0000094',2,'Miss de Vere',NULL,NULL,'original',NULL,1),('tt0000094',3,'Miss de Vere (gigue anglaise)','FR',NULL,'alternative',NULL,0),('tt0000095',1,'Le papier protée','FR',NULL,NULL,NULL,0),('tt0000095',2,'The Mysterious Paper','US',NULL,NULL,NULL,0),('tt0000095',3,'Le papier protée',NULL,NULL,'original',NULL,1),('tt0000096',1,'Place Saint-Augustin','FR',NULL,NULL,NULL,0),('tt0000097',1,'Place de l\'Opéra, First View','US',NULL,NULL,NULL,0),('tt0000097',2,'Place de l\'Opéra, 1er aspect',NULL,NULL,'original',NULL,1),('tt0000097',3,'Place de l\'Opéra, 1er aspect','FR',NULL,NULL,NULL,0),('tt0000098',1,'Place de l\'Opéra, Second View','US',NULL,NULL,NULL,0),('tt0000098',2,'Place de l\'Opéra, 2e aspect','FR',NULL,NULL,NULL,0),('tt0000098',3,'Place de l\'Opéra, 2e aspect',NULL,NULL,'original',NULL,1),('tt0000099',1,'Place de la Bastille','FR',NULL,NULL,NULL,0),('tt0000100',1,'Place de la Concorde',NULL,NULL,'original',NULL,1),('tt0000100',2,'Place de la Concorde','FR',NULL,NULL,NULL,0),('tt0000100',3,'A párizsi Concorde tér','HU',NULL,'imdbDisplay',NULL,0);
/*!40000 ALTER TABLE `title_akas` ENABLE KEYS */;
UNLOCK TABLES;

--
-- Table structure for table `title_basics`
--

DROP TABLE IF EXISTS `title_basics`;
/*!40101 SET @saved_cs_client     = @@character_set_client */;
/*!40101 SET character_set_client = utf8 */;
CREATE TABLE `title_basics` (
  `tconst` varchar(20) NOT NULL,
  `titleType` varchar(200) DEFAULT NULL,
  `primaryTitle` varchar(200) DEFAULT NULL,
  `originalTitle` varchar(200) DEFAULT NULL,
  `isAdult` tinyint(1) DEFAULT NULL,
  `startYear` year DEFAULT NULL,
  `endYear` year DEFAULT NULL,
  `runtimeMinutes` int DEFAULT NULL,
  `genres` varchar(200) DEFAULT NULL,
  PRIMARY KEY (`tconst`)
) ENGINE=InnoDB DEFAULT CHARSET=utf8mb4 COLLATE=utf8mb4_0900_ai_ci;
/*!40101 SET character_set_client = @saved_cs_client */;

--
-- Dumping data for table `title_basics`
--

LOCK TABLES `title_basics` WRITE;
/*!40000 ALTER TABLE `title_basics` DISABLE KEYS */;
INSERT INTO `title_basics` VALUES ('tt0000001','short','Carmencita','Carmencita',0,0000,NULL,1,'Documentary,Short'),('tt0000002','short','Le clown et ses chiens','Le clown et ses chiens',0,0000,NULL,5,'Animation,Short'),('tt0000003','short','Pauvre Pierrot','Pauvre Pierrot',0,0000,NULL,4,'Animation,Comedy,Romance'),('tt0000004','short','Un bon bock','Un bon bock',0,0000,NULL,12,'Animation,Short'),('tt0000005','short','Blacksmith Scene','Blacksmith Scene',0,0000,NULL,1,'Comedy,Short'),('tt0000006','short','Chinese Opium Den','Chinese Opium Den',0,0000,NULL,1,'Short'),('tt0000007','short','Corbett and Courtney Before the Kinetograph','Corbett and Courtney Before the Kinetograph',0,0000,NULL,1,'Short,Sport'),('tt0000008','short','Edison Kinetoscopic Record of a Sneeze','Edison Kinetoscopic Record of a Sneeze',0,0000,NULL,1,'Documentary,Short'),('tt0000009','short','Miss Jerry','Miss Jerry',0,0000,NULL,40,'Romance,Short'),('tt0000010','short','Leaving the Factory','La sortie de l\'usine Lumière à Lyon',0,0000,NULL,1,'Documentary,Short'),('tt0000011','short','Akrobatisches Potpourri','Akrobatisches Potpourri',0,0000,NULL,1,'Documentary,Short'),('tt0000012','short','The Arrival of a Train','L\'arrivée d\'un train à La Ciotat',0,0000,NULL,1,'Documentary,Short'),('tt0000013','short','The Photographical Congress Arrives in Lyon','Neuville-sur-Saône: Débarquement du congrès des photographes à Lyon',0,0000,NULL,1,'Documentary,Short'),('tt0000014','short','The Waterer Watered','L\'arroseur arrosé',0,0000,NULL,1,'Comedy,Short'),('tt0000015','short','Autour d\'une cabine','Autour d\'une cabine',0,0000,NULL,2,'Animation,Short'),('tt0000016','short','Barque sortant du port','Barque sortant du port',0,0000,NULL,1,'Documentary,Short'),('tt0000017','short','Italienischer Bauerntanz','Italienischer Bauerntanz',0,0000,NULL,1,'Documentary,Short'),('tt0000018','short','Das boxende Känguruh','Das boxende Känguruh',0,0000,NULL,1,'Short'),('tt0000019','short','The Clown Barber','The Clown Barber',0,0000,NULL,NULL,'Comedy,Short'),('tt0000020','short','The Derby 1895','The Derby 1895',0,0000,NULL,1,'Documentary,Short,Sport'),('tt0000022','short','Blacksmith Scene','Les forgerons',0,0000,NULL,1,'Documentary,Short'),('tt0000023','short','The Sea','Baignade en mer',0,0000,NULL,1,'Documentary,Short'),('tt0000024','short','Opening of the Kiel Canal','Opening of the Kiel Canal',0,0000,NULL,NULL,'News,Short'),('tt0000025','short','The Oxford and Cambridge University Boat Race','The Oxford and Cambridge University Boat Race',0,0000,NULL,NULL,'News,Short,Sport'),('tt0000026','short','The Messers. Lumière at Cards','Partie d\'écarté',0,0000,NULL,1,'Documentary,Short'),('tt0000027','short','Cordeliers\' Square in Lyon','Place des Cordeliers à Lyon',0,0000,NULL,1,'Documentary,Short'),('tt0000028','short','Fishing for Goldfish','La pêche aux poissons rouges',0,0000,NULL,1,'Documentary,Short'),('tt0000029','short','Baby\'s Dinner','Repas de bébé',0,0000,NULL,1,'Documentary,Short'),('tt0000030','short','Rough Sea at Dover','Rough Sea at Dover',0,0000,NULL,1,'Documentary,Short'),('tt0000031','short','Jumping the Blanket','Le saut à la couverture',0,0000,NULL,1,'Documentary,Short'),('tt0000032','short','Die Serpentintänzerin','Die Serpentintänzerin',0,0000,NULL,1,'Short'),('tt0000033','short','Trick Riding','La voltige',0,0000,NULL,1,'Comedy,Documentary,Short'),('tt0000034','short','Arrivée d\'un train gare de Vincennes','Arrivée d\'un train gare de Vincennes',0,0000,NULL,1,'Documentary,Short'),('tt0000035','short','Watering the Flowers','L\'arroseur',0,0000,NULL,1,'Comedy,Short'),('tt0000036','short','Awakening of Rip','Awakening of Rip',0,0000,NULL,0,'Drama,Short'),('tt0000037','short','Sea Bathing','Baignade en mer',0,0000,NULL,1,'Short'),('tt0000038','short','The Ball Game','The Ball Game',0,0000,NULL,NULL,'Documentary,Short,Sport'),('tt0000039','short','Barnet Horse Fair','Barnet Horse Fair',0,0000,NULL,NULL,'Short'),('tt0000040','short','Barque sortant du port de Trouville','Barque sortant du port de Trouville',0,0000,NULL,NULL,'Documentary,Short'),('tt0000041','short','Bataille de neige','Bataille de neige',0,0000,NULL,1,'Comedy,Documentary,Short'),('tt0000042','short','Bateau-mouche sur la Seine','Bateau-mouche sur la Seine',0,0000,NULL,NULL,'Documentary,Short'),('tt0000043','short','Batteuse à vapeur','Batteuse à vapeur',0,0000,NULL,NULL,'Documentary,Short'),('tt0000044','short','Le bivouac','Le bivouac',0,0000,NULL,1,'Short'),('tt0000045','short','Les blanchisseuses','Les blanchisseuses',0,0000,NULL,NULL,'Short'),('tt0000046','short','Bois de Boulogne','Bois de Boulogne',0,0000,NULL,NULL,'Documentary,Short'),('tt0000047','short','Boulevard des Italiens','Boulevard des Italiens',0,0000,NULL,NULL,'Documentary,Short'),('tt0000048','short','The Boxing Kangaroo','The Boxing Kangaroo',0,0000,NULL,NULL,'Short'),('tt0000049','short','Boxing Match; or, Glove Contest','Boxing Match; or, Glove Contest',0,0000,NULL,NULL,'Short,Sport'),('tt0000050','short','Bébé et fillettes','Bébé et fillettes',0,0000,NULL,NULL,'Documentary,Short'),('tt0000051','short','The Bohemian Encampment','Campement de bohémiens',0,0000,NULL,NULL,'Documentary,Short'),('tt0000052','short','Carga de rurales','Carga de rurales',0,0000,NULL,1,'Documentary,Short'),('tt0000053','short','A Chegada do Comboio Inaugural à Estação Central do Porto','A Chegada do Comboio Inaugural à Estação Central do Porto',0,0000,NULL,NULL,'Documentary,Short'),('tt0000054','short','A Merry-Go-Round','Les chevaux de bois',0,0000,NULL,NULL,'Short'),('tt0000055','short','Le chiffonnier','Le chiffonnier',0,0000,NULL,NULL,'Short'),('tt0000056','short','Uma Corrida de Touros no Campo Pequeno','Uma Corrida de Touros no Campo Pequeno',0,0000,NULL,NULL,'Short'),('tt0000057','short','Cortège de tzar allant à Versailles','Cortège de tzar allant à Versailles',0,0000,NULL,NULL,'Documentary,Short'),('tt0000058','short','Cortège de tzar au Bois de Boulogne','Cortège de tzar au Bois de Boulogne',0,0000,NULL,NULL,'Documentary,Short'),('tt0000059','short','Coronation of a Village Maiden','Couronnement de la rosière',0,0000,NULL,NULL,'Short'),('tt0000060','short','Dancing Darkies','Dancing Darkies',0,0000,NULL,NULL,'Documentary,Short'),('tt0000061','short','Dancing Girls','Dancing Girls',0,0000,NULL,NULL,'Short'),('tt0000062','short','Danse serpentine','Danse serpentine',0,0000,NULL,1,'Short'),('tt0000063','short','Dessinateur express','Dessinateur express',0,0000,NULL,NULL,'Short'),('tt0000064','short','Dessinateur: Chamberlain','Dessinateur: Chamberlain',0,0000,NULL,NULL,'Short'),('tt0000065','short','Dessinateur: Reine Victoria','Dessinateur: Reine Victoria',0,0000,NULL,NULL,'Short'),('tt0000066','short','Dessinateur: Von Bismark','Dessinateur: Von Bismark',0,0000,NULL,NULL,'Short'),('tt0000067','short','Conjurer Making Ten Hats in Sixty Seconds','Dix chapeaux en 60 secondes',0,0000,NULL,NULL,'Fantasy,Short'),('tt0000068','short','Unloading the Boat','Déchargement de bateaux',0,0000,NULL,NULL,'Documentary,Short'),('tt0000069','short','Post No Bills','Défense d\'afficher',0,0000,NULL,1,'Short'),('tt0000070','short','Demolition of a Wall','Démolition d\'un mur',0,0000,NULL,1,'Documentary,Short'),('tt0000071','short','Automobiles Starting a Race','Départ des automobiles',0,0000,NULL,NULL,'Short,Sport'),('tt0000072','short','Officers of French Army Leaving Service','Départ des officiers',0,0000,NULL,NULL,'Short'),('tt0000073','short','Effets de mer sur les rochers','Effets de mer sur les rochers',0,0000,NULL,NULL,'Documentary,Short'),('tt0000074','short','Enfants jouant sur la plage','Enfants jouant sur la plage',0,0000,NULL,NULL,'Documentary,Short'),('tt0000075','short','The Conjuring of a Woman at the House of Robert Houdin','Escamotage d\'une dame au théâtre Robert Houdin',0,0000,NULL,1,'Horror,Short'),('tt0000076','short','Exit of Rip and the Dwarf','Exit of Rip and the Dwarf',0,0000,NULL,1,'Drama,Short'),('tt0000077','short','Le fakir, mystère indien','Le fakir, mystère indien',0,0000,NULL,NULL,'Short'),('tt0000078','short','Feira de Gado na Corujeira','Feira de Gado na Corujeira',0,0000,NULL,1,'Documentary,Short'),('tt0000079','short','La gare Saint-Lazare','La gare Saint-Lazare',0,0000,NULL,NULL,'Documentary,Short'),('tt0000080','short','Grandes manoeuvres','Grandes manoeuvres',0,0000,NULL,NULL,'Documentary,Short'),('tt0000081','short','Towing a Boat on the River','Les haleurs de bateaux',0,0000,NULL,NULL,'Documentary,Short'),('tt0000082','short','A Hard Wash','A Hard Wash',0,0000,NULL,NULL,'Comedy,Short'),('tt0000083','short','Les indiscrets','Les indiscrets',0,0000,NULL,NULL,'Short'),('tt0000084','short','Les ivrognes','Les ivrognes',0,0000,NULL,NULL,'Short'),('tt0000085','short','Gardener Burning Weeds','Jardinier brûlant des herbes',0,0000,NULL,NULL,'Short'),('tt0000086','short','Beach and Pier at Trouville, 1st part','Jetée et plage de Trouville (1er partie)',0,0000,NULL,NULL,'Documentary,Short'),('tt0000087','short','Beach and Pier at Trouville, 2nd part','Jetée et plage de Trouville (2e partie)',0,0000,NULL,NULL,'Documentary,Short'),('tt0000088','short','Market Day','Jour de marché à Trouville',0,0000,NULL,NULL,'Documentary,Short'),('tt0000089','short','Leaving Jerusalem by Railway','Départ de Jérusalem en chemin de fer',0,0000,NULL,1,'Documentary,Short'),('tt0000090','short','Libération des territoriaux','Libération des territoriaux',0,0000,NULL,NULL,'Documentary,Short'),('tt0000091','short','The House of the Devil','Le manoir du diable',0,0000,NULL,3,'Horror,Short'),('tt0000092','short','Marée montante sur Brise-Larmes','Marée montante sur Brise-Larmes',0,0000,NULL,NULL,'Documentary,Short'),('tt0000093','short','Melbourne','Melbourne',0,0000,NULL,NULL,'Documentary,Short'),('tt0000094','short','Miss de Vere','Miss de Vere',0,0000,NULL,NULL,'Short'),('tt0000095','short','The Mysterious Paper','Le papier protée',0,0000,NULL,NULL,'Short'),('tt0000096','short','Place Saint-Augustin','Place Saint-Augustin',0,0000,NULL,NULL,'Documentary,Short'),('tt0000097','short','Place de l\'Opéra, First View','Place de l\'Opéra, 1er aspect',0,0000,NULL,NULL,'Documentary,Short'),('tt0000098','short','Place de l\'Opéra, Second View','Place de l\'Opéra, 2e aspect',0,0000,NULL,NULL,'Documentary,Short'),('tt0000099','short','Place de la Bastille','Place de la Bastille',0,0000,NULL,NULL,'Documentary,Short'),('tt0000100','short','Place de la Concorde','Place de la Concorde',0,0000,NULL,NULL,'Documentary,Short');
/*!40000 ALTER TABLE `title_basics` ENABLE KEYS */;
UNLOCK TABLES;

--
-- Table structure for table `title_crew`
--

DROP TABLE IF EXISTS `title_crew`;
/*!40101 SET @saved_cs_client     = @@character_set_client */;
/*!40101 SET character_set_client = utf8 */;
CREATE TABLE `title_crew` (
  `tconst` varchar(200) NOT NULL,
  `directors` varchar(200) DEFAULT NULL,
  `writers` varchar(200) DEFAULT NULL,
  PRIMARY KEY (`tconst`)
) ENGINE=InnoDB DEFAULT CHARSET=utf8mb4 COLLATE=utf8mb4_0900_ai_ci;
/*!40101 SET character_set_client = @saved_cs_client */;

--
-- Dumping data for table `title_crew`
--

LOCK TABLES `title_crew` WRITE;
/*!40000 ALTER TABLE `title_crew` DISABLE KEYS */;
INSERT INTO `title_crew` VALUES ('tt0000001','nm0005690',NULL),('tt0000002','nm0721526',NULL),('tt0000003','nm0721526',NULL),('tt0000004','nm0721526',NULL),('tt0000005','nm0005690',NULL),('tt0000006','nm0005690',NULL),('tt0000007','nm0374658,nm0005690',NULL),('tt0000008','nm0005690',NULL),('tt0000009','nm0085156','nm0085156'),('tt0000010','nm0525910',NULL),('tt0000011','nm0804434',NULL),('tt0000012','nm0525910,nm0525908',NULL),('tt0000013','nm0525910',NULL),('tt0000014','nm0525910,nm0349785',NULL),('tt0000015','nm0721526',NULL),('tt0000016','nm0525910',NULL),('tt0000017','nm1587194,nm0804434',NULL),('tt0000018','nm0804434',NULL),('tt0000019','nm0932055',NULL),('tt0000020','nm0010291',NULL),('tt0000022','nm0525910',NULL),('tt0000023','nm0525910',NULL),('tt0000024','nm0010291',NULL),('tt0000025','nm0010291',NULL),('tt0000026','nm0525910',NULL),('tt0000027','nm0525910',NULL),('tt0000028','nm0525910',NULL),('tt0000029','nm0525910',NULL),('tt0000030','nm0010291,nm0666972',NULL),('tt0000031','nm0525910',NULL),('tt0000032','nm0804434',NULL),('tt0000033','nm0525910',NULL),('tt0000034','nm0617588',NULL),('tt0000035','nm0617588',NULL),('tt0000036','nm0005690','nm0410331'),('tt0000037','nm0617588',NULL),('tt0000038','nm0374658',NULL),('tt0000039',NULL,NULL),('tt0000040','nm0617588',NULL),('tt0000041','nm0525910',NULL),('tt0000042','nm0617588',NULL),('tt0000043','nm0617588',NULL),('tt0000044','nm0617588',NULL),('tt0000045','nm0617588',NULL),('tt0000046','nm0617588',NULL),('tt0000047','nm0617588',NULL),('tt0000048','nm0010291',NULL),('tt0000049','nm0010291',NULL),('tt0000050','nm0617588',NULL),('tt0000051','nm0617588',NULL),('tt0000052','nm0895515',NULL),('tt0000053','nm0684607',NULL),('tt0000054','nm0617588',NULL),('tt0000055','nm0617588',NULL),('tt0000056','nm0795060',NULL),('tt0000057','nm0617588',NULL),('tt0000058','nm0617588',NULL),('tt0000059','nm0617588',NULL),('tt0000060','nm0005690',NULL),('tt0000061','nm0010291',NULL),('tt0000062','nm0617588',NULL),('tt0000063','nm0617588',NULL),('tt0000064','nm0617588',NULL),('tt0000065','nm0617588',NULL),('tt0000066','nm0617588',NULL),('tt0000067','nm0617588',NULL),('tt0000068','nm0617588',NULL),('tt0000069','nm0617588',NULL),('tt0000070','nm0525910',NULL),('tt0000071','nm0617588',NULL),('tt0000072','nm0617588',NULL),('tt0000073','nm0617588',NULL),('tt0000074','nm0617588',NULL),('tt0000075','nm0617588',NULL),('tt0000076','nm0005690','nm0410331'),('tt0000077','nm0617588',NULL),('tt0000078','nm0234288',NULL),('tt0000079','nm0617588',NULL),('tt0000080','nm0617588',NULL),('tt0000081','nm0617588',NULL),('tt0000082','nm0005690',NULL),('tt0000083','nm0617588',NULL),('tt0000084','nm0617588',NULL),('tt0000085','nm0617588',NULL),('tt0000086','nm0617588',NULL),('tt0000087','nm0617588',NULL),('tt0000088','nm0617588',NULL),('tt0000089','nm0698645,nm0525908',NULL),('tt0000090','nm0617588',NULL),('tt0000091','nm0617588','nm0617588'),('tt0000092','nm0617588',NULL),('tt0000093','nm0525908,nm0525910',NULL),('tt0000094','nm0617588',NULL),('tt0000095','nm0617588',NULL),('tt0000096','nm0617588',NULL),('tt0000097','nm0617588',NULL),('tt0000098','nm0617588',NULL),('tt0000099','nm0617588',NULL),('tt0000100','nm0617588',NULL);
/*!40000 ALTER TABLE `title_crew` ENABLE KEYS */;
UNLOCK TABLES;

--
-- Table structure for table `title_principals`
--

DROP TABLE IF EXISTS `title_principals`;
/*!40101 SET @saved_cs_client     = @@character_set_client */;
/*!40101 SET character_set_client = utf8 */;
CREATE TABLE `title_principals` (
  `tconst` varchar(20) NOT NULL,
  `nconst` varchar(200) NOT NULL,
  `ordering` int DEFAULT NULL,
  `category` varchar(200) DEFAULT NULL,
  `job` varchar(200) DEFAULT NULL,
  `characters` varchar(200) DEFAULT NULL
) ENGINE=InnoDB DEFAULT CHARSET=utf8mb4 COLLATE=utf8mb4_0900_ai_ci;
/*!40101 SET character_set_client = @saved_cs_client */;

--
-- Dumping data for table `title_principals`
--

LOCK TABLES `title_principals` WRITE;
/*!40000 ALTER TABLE `title_principals` DISABLE KEYS */;
INSERT INTO `title_principals` VALUES ('tt0000001','nm1588970',1,'self',NULL,'[\"Self\"]'),('tt0000001','nm0005690',2,'director',NULL,NULL),('tt0000001','nm0374658',3,'cinematographer','director of photography',NULL),('tt0000002','nm0721526',1,'director',NULL,NULL),('tt0000002','nm1335271',2,'composer',NULL,NULL),('tt0000003','nm0721526',1,'director',NULL,NULL),('tt0000003','nm1770680',2,'producer','producer',NULL),('tt0000003','nm1335271',3,'composer',NULL,NULL),('tt0000003','nm5442200',4,'editor',NULL,NULL),('tt0000004','nm0721526',1,'director',NULL,NULL),('tt0000004','nm1335271',2,'composer',NULL,NULL),('tt0000005','nm0443482',1,'actor',NULL,'[\"Blacksmith\"]'),('tt0000005','nm0653042',2,'actor',NULL,'[\"Assistant\"]'),('tt0000005','nm0005690',3,'director',NULL,NULL),('tt0000005','nm0249379',4,'producer','producer',NULL),('tt0000006','nm0005690',1,'director',NULL,NULL),('tt0000007','nm0179163',1,'actor',NULL,NULL),('tt0000007','nm0183947',2,'actor',NULL,NULL),('tt0000007','nm0005690',3,'director',NULL,NULL),('tt0000007','nm0374658',4,'director',NULL,NULL),('tt0000007','nm0249379',5,'producer','producer',NULL),('tt0000008','nm0653028',1,'actor',NULL,'[\"Sneezing Man\"]'),('tt0000008','nm0005690',2,'director',NULL,NULL),('tt0000008','nm0374658',3,'cinematographer',NULL,NULL),('tt0000009','nm0063086',1,'actress',NULL,'[\"Miss Geraldine Holbrook (Miss Jerry)\"]'),('tt0000009','nm0183823',2,'actor',NULL,'[\"Mr. Hamilton\"]'),('tt0000009','nm1309758',3,'actor',NULL,'[\"Chauncey Depew - the Director of the New York Central Railroad\"]'),('tt0000009','nm0085156',4,'director',NULL,NULL),('tt0000010','nm0525910',1,'director',NULL,NULL),('tt0000011','nm3692297',1,'actor',NULL,'[\"Acrobats\"]'),('tt0000011','nm0804434',2,'director',NULL,NULL),('tt0000012','nm2880396',1,'self',NULL,'[\"Self\"]'),('tt0000012','nm9735580',2,'self',NULL,'[\"Self\"]'),('tt0000012','nm0525900',3,'self',NULL,'[\"Self\"]'),('tt0000012','nm9735581',4,'self',NULL,'[\"Self\"]'),('tt0000012','nm0525908',5,'director',NULL,NULL),('tt0000012','nm0525910',6,'director',NULL,NULL),('tt0000012','nm9735579',7,'self',NULL,'[\"Self\"]'),('tt0000012','nm9653419',8,'self',NULL,'[\"Self\"]'),('tt0000013','nm0525908',1,'self',NULL,'[\"Self\"]'),('tt0000013','nm1715062',2,'self',NULL,'[\"Self\"]'),('tt0000013','nm0525910',3,'director',NULL,NULL),('tt0000014','nm0166380',1,'actor',NULL,'[\"The Gardener\"]'),('tt0000014','nm0244989',2,'actor',NULL,'[\"The Boy\"]'),('tt0000014','nm0349785',3,'director',NULL,NULL),('tt0000014','nm0525910',4,'director',NULL,NULL),('tt0000015','nm0721526',1,'director',NULL,NULL),('tt0000016','nm0525900',1,'self',NULL,'[\"Self (on the pier)\"]'),('tt0000016','nm9735581',2,'self',NULL,'[\"Self (on the pier)\"]'),('tt0000016','nm0525910',3,'director',NULL,NULL),('tt0000017','nm3691272',1,'actor',NULL,'[\"The boy\"]'),('tt0000017','nm3692829',2,'actress',NULL,'[\"The girl\"]'),('tt0000017','nm1587194',3,'director',NULL,NULL),('tt0000017','nm0804434',4,'director',NULL,NULL),('tt0000018','nm3692071',1,'actor',NULL,'[\"The Boxer\"]'),('tt0000018','nm0804434',2,'director',NULL,NULL),('tt0000019','nm0932055',1,'director',NULL,NULL),('tt0000020','nm0010291',1,'director',NULL,NULL),('tt0000020','nm0666972',2,'producer','producer',NULL),('tt0000022','nm0525910',1,'director',NULL,NULL),('tt0000023','nm0525910',1,'director',NULL,NULL),('tt0000024','nm0256651',1,'self',NULL,'[\"Self - Empress of Gemany\"]'),('tt0000024','nm0435118',2,'self',NULL,'[\"Self - Emperor of Germany\"]'),('tt0000024','nm0010291',3,'director',NULL,NULL),('tt0000024','nm0666972',4,'producer','producer',NULL),('tt0000025','nm0010291',1,'director',NULL,NULL),('tt0000025','nm0666972',2,'producer','producer',NULL),('tt0000026','nm2350007',1,'actor',NULL,'[\"Valet\"]'),('tt0000026','nm0525907',2,'actor',NULL,'[\"Man playing cards, seated on the left\"]'),('tt0000026','nm1151424',3,'actor',NULL,'[\"Man playing cards, seated on the right\"]'),('tt0000026','nm2354154',4,'actor',NULL,'[\"Man playing cards, seated in the middle\"]'),('tt0000026','nm0525910',5,'director',NULL,NULL),('tt0000027','nm0525910',1,'director',NULL,NULL),('tt0000028','nm2350838',1,'self',NULL,'[\"Self\"]'),('tt0000028','nm0525908',2,'self',NULL,'[\"Self\"]'),('tt0000028','nm0525910',3,'director',NULL,NULL),('tt0000029','nm0525908',1,'self',NULL,'[\"Self\"]'),('tt0000029','nm0525900',2,'self',NULL,'[\"Self\"]'),('tt0000029','nm2350838',3,'self',NULL,'[\"Self\"]'),('tt0000029','nm0525910',4,'director',NULL,NULL),('tt0000030','nm0010291',1,'director',NULL,NULL),('tt0000030','nm0666972',2,'director',NULL,NULL),('tt0000031','nm0525910',1,'director',NULL,NULL),('tt0000032','nm3692479',1,'actress',NULL,'[\"The dancer\"]'),('tt0000032','nm0804434',2,'director',NULL,NULL),('tt0000033','nm0525910',1,'director',NULL,NULL),('tt0000034','nm0617588',1,'director',NULL,NULL),('tt0000035','nm0617588',1,'director',NULL,NULL),('tt0000036','nm0420198',1,'actor',NULL,'[\"Rip Van Winkle\"]'),('tt0000036','nm0005690',2,'director',NULL,NULL),('tt0000036','nm0410331',3,'writer','story \"Rip Van Winkle\"',NULL),('tt0000036','nm0005658',4,'cinematographer',NULL,NULL),('tt0000037','nm0617588',1,'director',NULL,NULL),('tt0000038','nm2960633',1,'self',NULL,'[\"Self - First baseman\"]'),('tt0000038','nm0340719',2,'self',NULL,'[\"Self\"]'),('tt0000038','nm2958402',3,'self',NULL,'[\"Self\"]'),('tt0000038','nm0374658',4,'director',NULL,NULL),('tt0000039','nm0666972',1,'producer','producer',NULL),('tt0000040','nm0617588',1,'director',NULL,NULL),('tt0000041','nm0525910',1,'director',NULL,NULL),('tt0000041','nm0525908',2,'producer','producer',NULL),('tt0000042','nm0617588',1,'director',NULL,NULL),('tt0000043','nm0617588',1,'director',NULL,NULL),('tt0000044','nm0617588',1,'director',NULL,NULL),('tt0000045','nm0617588',1,'director',NULL,NULL),('tt0000046','nm0617588',1,'director',NULL,NULL),('tt0000047','nm0617588',1,'director',NULL,NULL),('tt0000048','nm0010291',1,'director',NULL,NULL),('tt0000049','nm0010291',1,'director',NULL,NULL),('tt0000050','nm3029234',1,'self',NULL,'[\"Self\"]'),('tt0000050','nm0617588',2,'director',NULL,NULL),('tt0000051','nm0617588',1,'director',NULL,NULL),('tt0000052','nm0895515',1,'director',NULL,NULL),('tt0000052','nm1729239',2,'cinematographer',NULL,NULL),('tt0000053','nm0684607',1,'director',NULL,NULL),('tt0000054','nm0617588',1,'director',NULL,NULL),('tt0000055','nm0617588',1,'director',NULL,NULL),('tt0000056','nm0795060',1,'director',NULL,NULL),('tt0000057','nm0874739',1,'self',NULL,'[\"Self (Tsar of Russia)\"]'),('tt0000057','nm0874746',2,'self',NULL,'[\"Self (Tsarina of Russia)\"]'),('tt0000057','nm0617588',3,'director',NULL,NULL),('tt0000058','nm0874739',1,'self',NULL,'[\"Self (Tsar of Russia)\"]'),('tt0000058','nm0617588',2,'director',NULL,NULL),('tt0000059','nm0617588',1,'director',NULL,NULL),('tt0000060','nm0005690',1,'director',NULL,NULL),('tt0000060','nm0005658',2,'cinematographer',NULL,NULL),('tt0000061','nm4007970',1,'actress',NULL,NULL),('tt0000061','nm0010291',2,'director',NULL,NULL),('tt0000061','nm0666972',3,'producer','producer',NULL),('tt0000062','nm0617588',1,'director',NULL,NULL),('tt0000063','nm0617588',1,'actor',NULL,'[\"Georges Méliès\"]'),('tt0000064','nm0617588',1,'actor',NULL,'[\"Lightening Sketch Artist\"]'),('tt0000065','nm0617588',1,'actor',NULL,'[\"Lightening Sketch Artist\"]'),('tt0000066','nm0617588',1,'actor',NULL,'[\"Lightening Sketch Artist\"]'),('tt0000067','nm0617588',1,'director',NULL,NULL),('tt0000068','nm0617588',1,'director',NULL,NULL),('tt0000069','nm0617588',1,'director',NULL,NULL),('tt0000070','nm0525908',1,'actor',NULL,NULL),('tt0000070','nm0525910',2,'director',NULL,NULL),('tt0000071','nm0617588',1,'director',NULL,NULL),('tt0000072','nm0617588',1,'director',NULL,NULL),('tt0000073','nm0617588',1,'director',NULL,NULL),('tt0000074','nm0617588',1,'director',NULL,NULL),('tt0000075','nm0194945',1,'actress',NULL,'[\"Woman\"]'),('tt0000075','nm0617588',2,'actor',NULL,'[\"Magician\"]'),('tt0000076','nm0420198',1,'actor',NULL,'[\"Rip Van Winkle\"]'),('tt0000076','nm0005690',2,'director',NULL,NULL),('tt0000076','nm0410331',3,'writer','story \"Rip Van Winkle\"',NULL),('tt0000076','nm0005658',4,'cinematographer',NULL,NULL),('tt0000077','nm0617588',1,'director',NULL,NULL),('tt0000078','nm0234288',1,'director',NULL,NULL),('tt0000079','nm0617588',1,'director',NULL,NULL),('tt0000080','nm0617588',1,'director',NULL,NULL),('tt0000081','nm0617588',1,'director',NULL,NULL),('tt0000082','nm0005690',1,'director',NULL,NULL),('tt0000082','nm0005658',2,'cinematographer',NULL,NULL),('tt0000083','nm0617588',1,'director',NULL,NULL),('tt0000084','nm0617588',1,'director',NULL,NULL),('tt0000085','nm0617588',1,'director',NULL,NULL),('tt0000086','nm0617588',1,'director',NULL,NULL),('tt0000087','nm0617588',1,'director',NULL,NULL),('tt0000088','nm0617588',1,'director',NULL,NULL),('tt0000089','nm0525908',1,'director',NULL,NULL),('tt0000089','nm0698645',2,'director',NULL,NULL),('tt0000089','nm0525910',3,'producer','producer',NULL),('tt0000090','nm0617588',1,'director',NULL,NULL),('tt0000091','nm0194945',1,'actress',NULL,'[\"Young woman\"]'),('tt0000091','nm6170115',2,'actor',NULL,'[\"Mephistopheles\"]'),('tt0000091','nm0617588',3,'actor',NULL,'[\"Mephistopheles\"]'),('tt0000092','nm0617588',1,'director',NULL,NULL),('tt0000093','nm0525908',1,'director',NULL,NULL),('tt0000093','nm0525910',2,'director',NULL,NULL),('tt0000094','nm9513675',1,'self',NULL,'[\"Self\"]'),('tt0000094','nm0617588',2,'director',NULL,NULL),('tt0000095','nm0617588',1,'director',NULL,NULL),('tt0000096','nm0617588',1,'director',NULL,NULL),('tt0000097','nm0617588',1,'director',NULL,NULL),('tt0000098','nm0617588',1,'director',NULL,NULL),('tt0000099','nm0617588',1,'director',NULL,NULL),('tt0000100','nm0617588',1,'director',NULL,NULL);
/*!40000 ALTER TABLE `title_principals` ENABLE KEYS */;
UNLOCK TABLES;
/*!40103 SET TIME_ZONE=@OLD_TIME_ZONE */;

/*!40101 SET SQL_MODE=@OLD_SQL_MODE */;
/*!40014 SET FOREIGN_KEY_CHECKS=@OLD_FOREIGN_KEY_CHECKS */;
/*!40014 SET UNIQUE_CHECKS=@OLD_UNIQUE_CHECKS */;
/*!40101 SET CHARACTER_SET_CLIENT=@OLD_CHARACTER_SET_CLIENT */;
/*!40101 SET CHARACTER_SET_RESULTS=@OLD_CHARACTER_SET_RESULTS */;
/*!40101 SET COLLATION_CONNECTION=@OLD_COLLATION_CONNECTION */;
/*!40111 SET SQL_NOTES=@OLD_SQL_NOTES */;

-- Dump completed on 2021-04-29 14:12:57
